,params._lambda,params.optimizer,params.lr,params.max_iter,params.sample_num,params.kappa,metrics.success_rate,metrics.mean_l2_distance,metrics.mean_linf_distance,metrics.perturbed_features_latent,metrics.perturbed_features_input,metrics.mean_confidence_successful,metrics.mean_confidence_unsuccessful,metrics.min_confidence_unsuccessful,metrics.max_confidence_unsuccessful,metrics.mean_md_distance,metrics.outlier_rate,metrics.outliers,attack,dataset,model,params.epsilon,params.alpha,params.num_steps,params.p_norm
0,0.5,adam,0.01,300.0,500,0.0,0.212,0.20227394998073578,0.10137373208999634,12.226415094339623,4.245283018867925,0.5480000267227022,0.17100208891829863,0.0,0.49550706148147583,3.509036203212781,0.10377358490566038,11/106,baseline,adult,MLP,,,,
1,0.5,adam,0.03,300.0,500,0.0,0.268,0.2195533961057663,0.11322113126516342,13.007462686567164,4.223880597014926,0.5402495916793818,0.1711252704669869,0.0,0.4986836910247803,3.4234680272476274,0.09701492537313433,13/134,baseline,adult,MLP,,,,
2,0.5,adam,0.1,300.0,500,0.0,0.366,0.2931290566921234,0.14890259504318237,13.797814207650273,4.459016393442623,0.5470182997138937,0.17930772270690004,0.0,0.49451327323913574,3.5972380413444767,0.12021857923497267,22/183,baseline,adult,MLP,,,,
3,0.5,adam,0.15,300.0,500,0.0,0.434,0.32279619574546814,0.16073504090309143,14.152073732718893,4.608294930875576,0.5743150334410404,0.18453001681149217,0.0,0.4971996545791626,3.6825917206558576,0.12442396313364056,27/217,baseline,adult,MLP,,,,
4,0.5,adam,0.2,300.0,500,0.0,0.492,0.3840440511703491,0.18593505024909973,14.361788617886178,4.747967479674797,0.5812691427555269,0.19199316801987296,0.0,0.49825483560562134,3.831079453500777,0.15040650406504066,37/246,baseline,adult,MLP,,,,
5,0.5,adam,0.25,300.0,500,0.0,0.52,0.3922247588634491,0.1897406131029129,14.457692307692307,4.7615384615384615,0.5911899115890265,0.197700630625089,0.0,0.4983453154563904,3.818446945330323,0.15384615384615385,40/260,baseline,adult,MLP,,,,
6,0.5,adam,0.3,300.0,500,0.0,0.57,0.47597432136535645,0.2283836454153061,14.589473684210526,4.908771929824561,0.60332934034155,0.20155178086702213,0.0,0.49772101640701294,3.9653974338852693,0.17894736842105263,51/285,baseline,adult,MLP,,,,
7,0.6,adam,0.01,300.0,500,0.0,0.236,0.22556616365909576,0.1151636466383934,12.610169491525424,4.228813559322034,0.5448384085606973,0.1723456515379601,0.0,0.49765872955322266,3.4727234948195758,0.1016949152542373,12/118,baseline,adult,MLP,,,,
8,0.6,adam,0.03,300.0,500,0.0,0.282,0.25366783142089844,0.1315724402666092,13.148936170212766,4.23404255319149,0.5383627374676314,0.17612533732044997,0.0,0.4986836910247803,3.4957350278296726,0.09929078014184398,14/141,baseline,adult,MLP,,,,
9,0.6,adam,0.1,300.0,500,0.0,0.41,0.4115903675556183,0.20694208145141602,14.048780487804878,4.575609756097561,0.5604742862647627,0.18580234576079804,0.0,0.49633079767227173,3.774085819600203,0.12682926829268293,26/205,baseline,adult,MLP,,,,
10,0.6,adam,0.15,300.0,500,0.0,0.476,0.46845513582229614,0.2264338582754135,14.315126050420169,4.680672268907563,0.5680616605134696,0.18739510151266142,0.0,0.49953746795654297,3.868388476260228,0.15546218487394958,37/238,baseline,adult,MLP,,,,
11,0.6,adam,0.2,300.0,500,0.0,0.536,0.5055975914001465,0.24418771266937256,14.5,4.772388059701493,0.580546282989376,0.19345015621390835,0.0,0.4975098967552185,3.976494550140348,0.16044776119402984,43/268,baseline,adult,MLP,,,,
12,0.6,adam,0.25,300.0,500,0.0,0.574,0.5368075966835022,0.2572968602180481,14.602787456445993,4.811846689895471,0.591005254637463,0.2023490658948119,0.0,0.49752914905548096,3.976409987410637,0.17073170731707318,49/287,baseline,adult,MLP,,,,
13,0.6,adam,0.3,300.0,500,0.0,0.618,0.5935118794441223,0.28285256028175354,14.702265372168284,4.909385113268608,0.5949163941778002,0.20925485744526248,0.0,0.4977952241897583,4.030938564509522,0.18122977346278318,56/309,baseline,adult,MLP,,,,
14,0.7,adam,0.01,300.0,500,0.0,0.258,0.3297089636325836,0.15680736303329468,12.89922480620155,4.294573643410852,0.5412509781127983,0.1754413639117444,0.0,0.49550706148147583,3.729342926660205,0.12403100775193798,16/129,baseline,adult,MLP,,,,
15,0.7,adam,0.03,300.0,500,0.0,0.306,0.3613653779029846,0.17732438445091248,13.38562091503268,4.326797385620915,0.5356118961608682,0.18156079325277455,0.0,0.4986836910247803,3.766832989893507,0.13071895424836602,20/153,baseline,adult,MLP,,,,
16,0.7,adam,0.1,300.0,500,0.0,0.438,0.4679831266403198,0.22955547273159027,14.168949771689498,4.639269406392694,0.5641720343177041,0.1938567479734319,0.0,0.49995529651641846,3.9201823915210703,0.1552511415525114,34/219,baseline,adult,MLP,,,,
17,0.7,adam,0.15,300.0,500,0.0,0.518,0.5368126630783081,0.25958162546157837,14.455598455598455,4.714285714285714,0.5696792663596426,0.1872176382056905,0.0,0.4971997141838074,3.9580181243710544,0.16602316602316602,43/259,baseline,adult,MLP,,,,
18,0.7,adam,0.2,300.0,500,0.0,0.556,0.585488498210907,0.2832518517971039,14.557553956834532,4.83453237410072,0.5822893805507061,0.20566586465448947,0.0,0.4973730444908142,4.00769263584873,0.16906474820143885,47/278,baseline,adult,MLP,,,,
19,0.7,adam,0.25,300.0,500,0.0,0.584,0.5961069464683533,0.2869660556316376,14.623287671232877,4.8493150684931505,0.5869914623653542,0.2158243633233584,0.0,0.49734288454055786,4.0384447867068385,0.1780821917808219,52/292,baseline,adult,MLP,,,,
20,0.7,adam,0.3,300.0,500,0.0,0.648,0.7011682391166687,0.3343912363052368,14.765432098765432,4.969135802469136,0.5952756113349748,0.21526951918547804,0.0,0.4981362819671631,4.205651623165289,0.21604938271604937,70/324,baseline,adult,MLP,,,,
21,0.8,adam,0.01,300.0,500,0.0,0.27,0.36930808424949646,0.17308002710342407,13.022222222222222,4.325925925925926,0.5386286698143792,0.17919995278528292,0.0,0.49629640579223633,3.8244845853797766,0.13333333333333333,18/135,baseline,adult,MLP,,,,
22,0.8,adam,0.03,300.0,500,0.0,0.332,0.4278551936149597,0.20784318447113037,13.58433734939759,4.409638554216867,0.5389206335958407,0.18804253254108086,0.0,0.4988105893135071,3.8758574228884917,0.14457831325301204,24/166,baseline,adult,MLP,,,,
23,0.8,adam,0.1,300.0,500,0.0,0.464,0.5137636065483093,0.25010180473327637,14.27155172413793,4.676724137931035,0.5645165139215131,0.19325591779466886,0.0,0.49621450901031494,3.9391580038008165,0.15517241379310345,36/232,baseline,adult,MLP,,,,
24,0.8,adam,0.15,300.0,500,0.0,0.544,0.5852855443954468,0.2830183207988739,14.522058823529411,4.7463235294117645,0.5710487540414119,0.19027818870126156,0.0,0.4975436329841614,3.9882684663476122,0.15808823529411764,43/272,baseline,adult,MLP,,,,
25,0.8,adam,0.2,300.0,500,0.0,0.59,0.6327286958694458,0.3041733503341675,14.64406779661017,4.8338983050847455,0.5798765686293275,0.20075778292446603,0.0,0.49713653326034546,4.0058464569768395,0.17288135593220338,51/295,baseline,adult,MLP,,,,
26,0.8,adam,0.25,300.0,500,0.0,0.616,0.7618594765663147,0.3607870936393738,14.698051948051948,4.873376623376624,0.5803478437252101,0.22927925114830336,0.0,0.4984816312789917,4.249387706047088,0.21428571428571427,66/308,baseline,adult,MLP,,,,
27,0.8,adam,0.3,300.0,500,0.0,0.676,0.8192442059516907,0.3997829258441925,14.81360946745562,4.970414201183432,0.6005067139059393,0.22652166566731016,0.0,0.49849259853363037,4.322433195157145,0.21005917159763313,71/338,baseline,adult,MLP,,,,
28,0.9,adam,0.01,300.0,500,0.0,0.3,0.40628543496131897,0.18923798203468323,13.326666666666666,4.333333333333333,0.5370495861892899,0.18195321559906005,0.0,0.4997439980506897,3.8969331534023293,0.14,21/150,baseline,adult,MLP,,,,
29,0.9,adam,0.03,300.0,500,0.0,0.34,0.4276289641857147,0.21262359619140625,13.647058823529411,4.429411764705883,0.5469139382571858,0.19354219996567928,0.0,0.49905669689178467,3.895591276941793,0.15294117647058825,26/170,baseline,adult,MLP,,,,
30,0.9,adam,0.1,300.0,500,0.0,0.49,0.5711687803268433,0.2772342562675476,14.36734693877551,4.628571428571429,0.5638322387574887,0.193520818270889,0.0,0.4997207522392273,3.9431684274357393,0.15510204081632653,38/245,baseline,adult,MLP,,,,
31,0.9,adam,0.15,300.0,500,0.0,0.558,0.6474809646606445,0.3130897283554077,14.562724014336917,4.759856630824372,0.5678568457163149,0.1936825562386491,0.0,0.4976085424423218,4.057542624503314,0.1863799283154122,52/279,baseline,adult,MLP,,,,
32,0.9,adam,0.2,300.0,500,0.0,0.6,0.6955627202987671,0.33398815989494324,14.663333333333334,4.8566666666666665,0.5819269686502715,0.22387627214193345,0.0,0.4975726008415222,4.085520329824305,0.19666666666666666,59/300,baseline,adult,MLP,,,,
33,0.9,adam,0.25,300.0,500,0.0,0.648,0.7867537140846252,0.3753098249435425,14.75925925925926,4.907407407407407,0.5873310276031218,0.23132381994615903,0.0,0.4997097849845886,4.292902415639376,0.2345679012345679,76/324,baseline,adult,MLP,,,,
34,0.9,adam,0.3,300.0,500,0.0,0.71,0.9479865431785583,0.4540795087814331,14.873239436619718,4.9915492957746475,0.5989117775059921,0.2256139771691684,0.0,0.4989388585090637,4.505101135630249,0.27887323943661974,99/355,baseline,adult,MLP,,,,
35,1.0,adam,0.01,300.0,500,0.0,0.32,0.4301685392856598,0.20601606369018555,13.49375,4.36875,0.5400802583317272,0.18480324762709,0.0,0.4979935884475708,3.9585609809815416,0.15625,25/160,baseline,adult,MLP,,,,
36,1.0,adam,0.03,300.0,500,0.0,0.354,0.4581681489944458,0.22735914587974548,13.740112994350282,4.440677966101695,0.5477577798952491,0.19464950886304164,0.0,0.49929946660995483,3.9685239806098562,0.1638418079096045,29/177,baseline,adult,MLP,,,,
37,1.0,adam,0.1,300.0,500,0.0,0.51,0.6220138669013977,0.3022327721118927,14.431372549019608,4.662745098039216,0.5615181827296813,0.1944775829509813,0.0,0.4956406354904175,4.006814030142002,0.16470588235294117,42/255,baseline,adult,MLP,,,,
38,1.0,adam,0.15,300.0,500,0.0,0.58,0.7124676704406738,0.34645015001296997,14.610344827586207,4.86896551724138,0.5765286671061968,0.1987891566185724,0.0,0.49745893478393555,4.096290381802836,0.1793103448275862,52/290,baseline,adult,MLP,,,,
39,1.0,adam,0.2,300.0,500,0.0,0.636,0.8241590857505798,0.3990683853626251,14.742138364779874,4.871069182389937,0.5778047105344305,0.21954917252718748,0.0,0.49795252084732056,4.211427277130294,0.21069182389937108,67/318,baseline,adult,MLP,,,,
40,1.0,adam,0.25,300.0,500,0.0,0.666,0.8929791450500488,0.43508490920066833,14.78978978978979,4.96996996996997,0.5964408466821766,0.23306931956799445,0.0,0.4992603063583374,4.317817506680002,0.23423423423423423,78/333,baseline,adult,MLP,,,,
41,1.0,adam,0.3,300.0,500,0.0,0.712,0.9512702226638794,0.4571835398674011,14.876404494382022,5.042134831460674,0.5960666147699014,0.2349303708308273,0.0,0.4991041421890259,4.435696907173971,0.25,89/356,baseline,adult,MLP,,,,
42,1.0,adam,0.1,300.0,500,0.0,0.494,0.4597463309764862,0.24704104661941528,15.218623481781377,4.659919028340081,0.5697784066984528,0.19366138937916208,0.01360785961151123,0.4972798228263855,3.696437152481892,0.11336032388663968,28/247,baseline,adult,SoftDecisionTree,,,,
43,1.0,adam,0.1,300.0,500,0.0,0.29,0.29992568492889404,0.14769631624221802,13.903448275862068,4.572413793103448,0.5672056996616824,0.21523063888012522,7.367134094238281e-05,0.4993467926979065,3.342442456150004,0.0896551724137931,13/145,baseline,adult,TabTransformer,,,,
44,1.0,adam,0.1,300.0,500,0.0,0.98,0.9132367968559265,0.493863046169281,15.738775510204082,59.13061224489796,0.6488929253869823,0.00812779664993286,4.4465065002441406e-05,0.030714035034179688,3.975195132485826,0.17755102040816326,87/490,baseline,phishing_url,MLP,,,,
45,1.0,adam,0.1,300.0,500,0.0,0.744,0.610964298248291,0.3215144872665405,15.35483870967742,58.854838709677416,0.6093734465539455,0.05582729261368513,0.050656795501708984,0.09232252836227417,3.3475455342744356,0.08064516129032258,30/372,baseline,phishing_url,SoftDecisionTree,,,,
46,1.0,adam,0.1,300.0,500,0.0,0.97,0.8739123344421387,0.47820013761520386,15.538144329896907,59.136082474226804,0.6624209148482871,0.04591160615285238,8.344650268554688e-06,0.31702715158462524,3.8932970248174787,0.16907216494845362,82/485,baseline,phishing_url,TabTransformer,,,,
47,1.0,adam,0.1,300.0,500,0.0,0.908,1.122784972190857,0.693932056427002,7.927312775330397,16.0,0.5938858502079827,0.035403629359991654,9.691715240478516e-05,0.5184604823589325,2.5182086346613928,0.05506607929515418,25/454,baseline,pendigit,MLP,,,,
48,1.0,adam,0.1,300.0,500,0.0,0.538,0.7752576470375061,0.5087172389030457,7.881040892193308,16.0,0.687325897214581,0.0657076206042137,0.03334999084472656,0.2750641703605652,2.3942798736467865,0.04460966542750929,12/269,baseline,pendigit,SoftDecisionTree,,,,
49,1.0,adam,0.1,300.0,500,0.0,0.974,1.0850419998168945,0.6867269277572632,8.0,16.0,0.5565750716725991,0.019179793504568245,0.002392292022705078,0.04860818386077881,2.6084557063840457,0.08624229979466119,42/487,baseline,pendigit,TabTransformer,,,,
50,1.0,adam,0.1,300.0,500,0.0,0.09395973154362416,0.0014686895301565528,0.0010295595275238156,1.1428571428571428,9.642857142857142,0.5397877033267703,0.21770363648732502,0.02662569284439087,0.4962053894996643,2.401072457726207,0.0,0/14,baseline,german_credit,MLP,,,,
51,1.0,adam,0.1,300.0,500,0.0,0.09395973154362416,0.0014686895301565528,0.0010295595275238156,1.1428571428571428,9.642857142857142,0.5397877033267703,0.21770363648732502,0.02662569284439087,0.4962053894996643,2.401072457726207,0.0,0/14,baseline,german_credit,MLP,,,,
52,1.0,adam,0.1,300.0,500,0.0,0.1111111111111111,0.006909971125423908,0.005353051237761974,3.235294117647059,10.294117647058824,0.5630444288253784,0.2641753580640344,0.16459661722183228,0.49619060754776,2.367716454442032,0.0,0/17,baseline,german_credit,SoftDecisionTree,,,,
53,1.0,adam,0.1,300.0,500,0.0,0.1342281879194631,0.002986570820212364,0.002481594681739807,1.2,9.95,0.6234300687909127,0.16427035756813463,0.004483044147491455,0.4982600808143616,2.534350510404841,0.05,1/20,baseline,german_credit,TabTransformer,,,,
54,1.0,adam,0.1,300.0,500,0.0,0.802,0.5009191036224365,0.3418301045894623,7.12219451371571,7.022443890274314,0.5198255517238988,0.2774955714591826,1.7881393432617188e-06,0.48613661527633667,2.464839320606381,0.029925187032418952,12/401,baseline,electricity,MLP,,,,
55,1.0,adam,0.1,300.0,500,0.0,0.888,0.5528030395507812,0.3742618262767792,7.436936936936937,7.024774774774775,0.508766159012511,0.29308093019894194,0.0023424625396728516,0.49603885412216187,2.545539963723626,0.04504504504504504,20/444,baseline,electricity,SoftDecisionTree,,,,
56,1.0,adam,0.1,300.0,500,0.0,0.828,0.5188910365104675,0.35117414593696594,7.265700483091788,7.009661835748792,0.515762371753437,0.2422268203524656,0.005743205547332764,0.4990537762641907,2.485076060900489,0.021739130434782608,9/414,baseline,electricity,TabTransformer,,,,
57,1.0,adam,0.1,300.0,500,0.0,0.8873239436619719,0.35558903217315674,0.20858058333396912,11.71655328798186,10.065759637188208,0.5861813286802459,0.3427207890365805,0.028204143047332764,0.5189928412437439,4.736654779771665,0.36054421768707484,159/441,baseline,covertype,MLP,,,,
58,1.0,adam,0.1,300.0,500,0.0,0.9295774647887324,0.3830623924732208,0.22810719907283783,13.017316017316018,10.119047619047619,0.5822071898647975,0.3790010256426675,0.10988712310791016,0.6047454476356506,4.523586377883507,0.329004329004329,152/462,baseline,covertype,SoftDecisionTree,,,,
59,1.0,adam,0.1,300.0,500,0.0,0.9295774647887324,0.3830623924732208,0.22810719907283783,13.017316017316018,10.119047619047619,0.5822071898647975,0.3790010256426675,0.10988712310791016,0.6047454476356506,4.523586377883507,0.329004329004329,152/462,baseline,covertype,SoftDecisionTree,,,,
60,1.0,adam,0.1,300.0,500,0.0,0.9899396378269618,0.4730018079280853,0.2704598903656006,11.707317073170731,10.024390243902438,0.6219113578989136,0.33414745330810547,0.24519068002700806,0.48550736904144287,4.45567845693231,0.266260162601626,131/492,baseline,covertype,TabTransformer,,,,
61,,,,,500,,0.222,0.37554481625556946,0.1000000461935997,16.0,4.243243243243243,0.6521042336369991,0.16309619348275936,0.0,0.49939823150634766,3.5384973118679377,0.08108108108108109,9/111,pgd,adult,MLP,0.1,0.03,10.0,
62,,,,,500,,0.222,0.3810793459415436,0.1000000461935997,16.0,4.243243243243243,0.6620375384274568,0.16345495230740936,0.0,0.49896764755249023,3.5027087372599697,0.08108108108108109,9/111,pgd,adult,MLP,0.1,0.03,30.0,
63,,,,,500,,0.226,0.3798702657222748,0.10000002384185791,16.0,4.247787610619469,0.6558826150047073,0.1617044666324783,0.0,0.497850239276886,3.506650708301621,0.08849557522123894,10/113,pgd,adult,MLP,0.1,0.03,50.0,
64,,,,,500,,0.224,0.37770751118659973,0.10000002384185791,16.0,4.3125,0.6594115431549393,0.16355455106066674,0.0,0.49772119522094727,3.5525199150109805,0.08928571428571429,10/112,pgd,adult,MLP,0.1,0.03,70.0,
65,,,,,500,,0.23,0.3773585259914398,0.10000003129243851,15.721739130434782,4.304347826086956,0.6528479042078328,0.15953701332017972,0.0,0.4983058571815491,3.5101529705376553,0.0782608695652174,9/115,pgd,adult,MLP,0.1,0.05,10.0,
66,,,,,500,,0.23,0.38076716661453247,0.10000003129243851,15.678260869565218,4.2956521739130435,0.6565507120311098,0.1600218899838336,0.0,0.495017945766449,3.5305477032531978,0.09565217391304348,11/115,pgd,adult,MLP,0.1,0.05,30.0,
67,,,,,500,,0.226,0.3801223337650299,0.10000002384185791,15.787610619469026,4.265486725663717,0.6565915500473198,0.16145932350971903,0.0,0.495017945766449,3.548507995360538,0.08849557522123894,10/113,pgd,adult,MLP,0.1,0.05,50.0,
68,,,,,500,,0.224,0.3802991509437561,0.10000002384185791,15.758928571428571,4.25,0.6577751955108917,0.16245350932952055,0.0,0.4996354579925537,3.5334069431924795,0.08035714285714286,9/112,pgd,adult,MLP,0.1,0.05,70.0,
69,,,,,500,,0.226,0.38010796904563904,0.10000002384185791,16.0,4.212389380530974,0.6543639300358111,0.16041094819396656,0.0,0.49520647525787354,3.4593200328063944,0.07079646017699115,8/113,pgd,adult,MLP,0.1,0.07,10.0,
70,,,,,500,,0.228,0.3810035288333893,0.10000003129243851,16.0,4.342105263157895,0.6597753122567379,0.163156515421645,0.0,0.495017945766449,3.5130683119565203,0.09649122807017543,11/114,pgd,adult,MLP,0.1,0.07,30.0,
71,,,,,500,,0.23,0.3825889527797699,0.10000003129243851,16.0,4.243478260869566,0.6544228487931516,0.1624946132882849,0.0,0.49757516384124756,3.530325387500953,0.0782608695652174,9/115,pgd,adult,MLP,0.1,0.07,50.0,
72,,,,,500,,0.218,0.3808099925518036,0.1000000387430191,16.0,4.229357798165138,0.6502465336891148,0.1646060024380989,0.0,0.4966227412223816,3.5152144607530262,0.08256880733944955,9/109,pgd,adult,MLP,0.1,0.07,70.0,
73,,,,,500,,0.324,0.6791740655899048,0.20000006258487701,16.0,4.746913580246914,0.7727280531673588,0.16726965329350804,0.0,0.49978893995285034,3.8410742013704104,0.09876543209876543,16/162,pgd,adult,MLP,0.2,0.03,10.0,
74,,,,,500,,0.34,0.7444186806678772,0.20000004768371582,16.0,4.852941176470588,0.7905083244899288,0.17005727345293217,0.0,0.4976886510848999,3.960537604548338,0.1411764705882353,24/170,pgd,adult,MLP,0.2,0.03,30.0,
75,,,,,500,,0.35,0.7440126538276672,0.20000006258487701,16.0,4.817142857142857,0.7670537590884071,0.17032680071317233,0.0,0.4997848868370056,4.017440794857205,0.14285714285714285,25/175,pgd,adult,MLP,0.2,0.03,50.0,
76,,,,,500,,0.362,0.7443556189537048,0.20000006258487701,16.0,4.850828729281768,0.7759696376996851,0.16958244579339102,0.0,0.4998137950897217,3.9591693538557755,0.1270718232044199,23/181,pgd,adult,MLP,0.2,0.03,70.0,
77,,,,,500,,0.354,0.7238605618476868,0.20000004768371582,15.824858757062147,4.875706214689266,0.779746911434212,0.16474190935630917,0.0,0.49818605184555054,3.930182760843477,0.1016949152542373,18/177,pgd,adult,MLP,0.2,0.05,10.0,
78,,,,,500,,0.358,0.7417842149734497,0.20000003278255463,15.865921787709498,4.93854748603352,0.7914068468003508,0.16841469598336384,0.0,0.49983489513397217,3.9432151534851307,0.13966480446927373,25/179,pgd,adult,MLP,0.2,0.05,30.0,
79,,,,,500,,0.366,0.7403780221939087,0.2000000774860382,15.792349726775956,4.907103825136612,0.7871896688402706,0.16611980564586748,0.0,0.49830538034439087,3.9546140734619657,0.12021857923497267,22/183,pgd,adult,MLP,0.2,0.05,50.0,
80,,,,,500,,0.378,0.7408122420310974,0.20000006258487701,15.814814814814815,4.98941798941799,0.7868273803839835,0.16008369083189888,0.0,0.4979887008666992,3.95207475350328,0.12698412698412698,24/189,pgd,adult,MLP,0.2,0.05,70.0,
81,,,,,500,,0.35,0.7358590364456177,0.20000006258487701,16.0,4.9714285714285715,0.778902423996811,0.1694389684383686,0.0,0.4988653063774109,3.9789221556724015,0.13714285714285715,24/175,pgd,adult,MLP,0.2,0.07,10.0,
82,,,,,500,,0.36,0.7391077876091003,0.20000004768371582,16.0,4.877777777777778,0.7816205138929136,0.16508146561682224,0.0,0.49789363145828247,3.926989633916138,0.11666666666666667,21/180,pgd,adult,MLP,0.2,0.07,30.0,
83,,,,,500,,0.366,0.738400399684906,0.20000004768371582,16.0,4.8743169398907105,0.7821386245485202,0.16358204895765624,0.0,0.4968281388282776,3.9111944541825463,0.09836065573770492,18/183,pgd,adult,MLP,0.2,0.07,50.0,
84,,,,,500,,0.374,0.7395731806755066,0.20000004768371582,16.0,4.818181818181818,0.7737266150288244,0.15987323895810893,0.0,0.4948360323905945,3.9578391798453336,0.12299465240641712,23/187,pgd,adult,MLP,0.2,0.07,70.0,
85,,,,,500,,0.354,0.8967723250389099,0.2999202013015747,16.0,5.209039548022599,0.8053181410820084,0.17263708782638928,0.0,0.4960232973098755,4.380061567399102,0.20903954802259886,37/177,pgd,adult,MLP,0.3,0.03,10.0,
86,,,,,500,,0.44,1.084939956665039,0.30000001192092896,15.89090909090909,5.3090909090909095,0.8561503805246585,0.16899716321911132,0.0,0.4992743134498596,4.633995570323952,0.32727272727272727,72/220,pgd,adult,MLP,0.3,0.03,30.0,
87,,,,,500,,0.46,1.0928781032562256,0.30000004172325134,15.943478260869565,5.408695652173913,0.8446604629948959,0.1646006712207088,0.0,0.4979379177093506,4.562867972348508,0.2956521739130435,68/230,pgd,adult,MLP,0.3,0.03,50.0,
88,,,,,500,,0.454,1.0942168235778809,0.30000004172325134,15.960352422907489,5.3039647577092515,0.8409291611950669,0.17099720195972876,0.0,0.49921756982803345,4.567700343197383,0.28634361233480177,65/227,pgd,adult,MLP,0.3,0.03,70.0,
89,,,,,500,,0.418,1.01994788646698,0.30000001192092896,15.933014354066986,5.248803827751196,0.832503875415142,0.1670839264220798,0.0,0.499320387840271,4.481000935549036,0.215311004784689,45/209,pgd,adult,MLP,0.3,0.05,10.0,
90,,,,,500,,0.454,1.1016111373901367,0.30000004172325134,15.907488986784141,5.466960352422907,0.8576296017767532,0.17072327233059503,0.0,0.4980178475379944,4.609750479069729,0.29955947136563876,68/227,pgd,adult,MLP,0.3,0.05,30.0,
91,,,,,500,,0.454,1.1028456687927246,0.30000004172325134,15.929515418502202,5.361233480176211,0.8635874974591945,0.17282795120071578,0.0,0.4995960593223572,4.568213294418089,0.28634361233480177,65/227,pgd,adult,MLP,0.3,0.05,50.0,
92,,,,,500,,0.448,1.1052273511886597,0.30000004172325134,15.897321428571429,5.428571428571429,0.8622425712378815,0.17696307232414465,0.0,0.4991256594657898,4.495387889631472,0.26339285714285715,59/224,pgd,adult,MLP,0.3,0.05,70.0,
93,,,,,500,,0.428,1.061567783355713,0.29999998211860657,16.0,5.392523364485982,0.8442044313694687,0.17813648939966323,0.0,0.498762845993042,4.5103768549183645,0.2803738317757009,60/214,pgd,adult,MLP,0.3,0.07,10.0,
94,,,,,500,,0.464,1.103761076927185,0.30000007152557373,16.0,5.353448275862069,0.858030461502016,0.16230450348177952,0.0,0.4966139793395996,4.566525848778623,0.2413793103448276,56/232,pgd,adult,MLP,0.3,0.07,30.0,
95,,,,,500,,0.462,1.1023452281951904,0.30000001192092896,16.0,5.298701298701299,0.8507492847966047,0.1629945844079482,0.0,0.49915921688079834,4.508542095648431,0.24242424242424243,56/231,pgd,adult,MLP,0.3,0.07,50.0,
96,,,,,500,,0.444,1.1022169589996338,0.30000004172325134,16.0,5.391891891891892,0.8623864195487021,0.17296803576483144,0.0,0.4981609582901001,4.591926049471185,0.30180180180180183,67/222,pgd,adult,MLP,0.3,0.07,70.0,
97,,,,,500,,0.418,1.1241995096206665,0.3999927043914795,16.0,5.607655502392345,0.8168863327083755,0.16203468239184507,0.0,0.4982365369796753,4.816051058880505,0.3492822966507177,73/209,pgd,adult,MLP,0.4,0.03,10.0,
98,,,,,500,,0.52,1.398690104484558,0.3998846411705017,16.0,5.769230769230769,0.8861361597941595,0.15833717981974285,0.0,0.4965858459472656,5.166370071272271,0.47692307692307695,124/260,pgd,adult,MLP,0.4,0.03,30.0,
99,,,,,500,,0.516,1.4399452209472656,0.39960479736328125,16.0,5.713178294573644,0.8688431970594748,0.1649921940377921,0.0,0.4980425238609314,5.215147341562945,0.4883720930232558,126/258,pgd,adult,MLP,0.4,0.03,50.0,
100,,,,,500,,0.54,1.4441066980361938,0.3996666967868805,16.0,5.8,0.8817097232923499,0.15549610127573427,0.0,0.4979475736618042,5.30889209473941,0.5370370370370371,145/270,pgd,adult,MLP,0.4,0.03,70.0,
101,,,,,500,,0.476,1.2396063804626465,0.40000012516975403,15.953781512605042,5.65546218487395,0.8617886217922252,0.16086353190982614,0.0,0.4961513876914978,4.930610843125097,0.41596638655462187,99/238,pgd,adult,MLP,0.4,0.05,10.0,
102,,,,,500,,0.514,1.4344810247421265,0.40000006556510925,15.922178988326849,5.692607003891051,0.8855208858752454,0.1683379009427357,0.0,0.49994874000549316,5.201224925199364,0.5136186770428015,132/257,pgd,adult,MLP,0.4,0.05,30.0,
103,,,,,500,,0.516,1.455469012260437,0.39992091059684753,15.922480620155039,5.748062015503876,0.8824168453228622,0.1654334937737993,0.0,0.4983653426170349,5.323879376070306,0.5387596899224806,139/258,pgd,adult,MLP,0.4,0.05,50.0,
104,,,,,500,,0.53,1.4547878503799438,0.40000006556510925,15.954716981132075,5.830188679245283,0.8986532496144255,0.17497117646197055,0.0,0.49961745738983154,5.273047421445009,0.4981132075471698,132/265,pgd,adult,MLP,0.4,0.05,70.0,
105,,,,,500,,0.464,1.346938133239746,0.40000006556510925,16.0,5.642241379310345,0.8643690369660229,0.17496568609529467,0.0,0.4986115097999573,5.008266438423116,0.4267241379310345,99/232,pgd,adult,MLP,0.4,0.07,10.0,
106,,,,,500,,0.506,1.4438996315002441,0.3997233808040619,16.0,5.766798418972332,0.8808072926517453,0.17909599388176614,0.0,0.4992925524711609,5.300942378943751,0.5375494071146245,136/253,pgd,adult,MLP,0.4,0.07,30.0,
107,,,,,500,,0.526,1.4503458738327026,0.40000003576278687,16.0,5.821292775665399,0.8973723067255198,0.17767084751451065,0.0,0.4993094801902771,5.298757803280899,0.5285171102661597,139/263,pgd,adult,MLP,0.4,0.07,50.0,
108,,,,,500,,0.524,1.4484907388687134,0.39973288774490356,16.0,5.763358778625954,0.8954547565848204,0.1666292320279514,0.0,0.4990687370300293,5.237614000747242,0.5,131/262,pgd,adult,MLP,0.4,0.07,70.0,
109,,,,,500,,0.428,1.3208644390106201,0.49918922781944275,16.0,5.775700934579439,0.8330200836453854,0.16486116472657744,0.0,0.49736058712005615,5.395042607067519,0.5514018691588785,118/214,pgd,adult,MLP,0.5,0.03,10.0,
110,,,,,500,,0.53,1.6920946836471558,0.4997735917568207,16.0,6.09433962264151,0.8901424753397826,0.1734136142629258,0.0,0.49918442964553833,5.775744886709115,0.6981132075471698,185/265,pgd,adult,MLP,0.5,0.03,30.0,
111,,,,,500,,0.546,1.767108678817749,0.5,16.0,6.003663003663004,0.8960282521639894,0.17163528140946108,0.0,0.49859052896499634,6.074576934695694,0.7509157509157509,205/273,pgd,adult,MLP,0.5,0.03,50.0,
112,,,,,500,,0.576,1.7801191806793213,0.5,16.0,5.996527777777778,0.8975845608620179,0.15090054807797917,0.0,0.4986366033554077,6.099673001768935,0.7534722222222222,217/288,pgd,adult,MLP,0.5,0.03,70.0,
113,,,,,500,,0.484,1.4631246328353882,0.4996073842048645,16.0,5.925619834710743,0.8603099733302799,0.17187360899392948,0.0,0.4977526068687439,5.52268753379378,0.5785123966942148,140/242,pgd,adult,MLP,0.5,0.05,10.0,
114,,,,,500,,0.558,1.7693042755126953,0.4998207688331604,15.939068100358423,6.139784946236559,0.9037209632054142,0.17646490961178396,0.0,0.4997958540916443,6.073004218658254,0.7670250896057348,214/279,pgd,adult,MLP,0.5,0.05,30.0,
115,,,,,500,,0.592,1.7827255725860596,0.4996729791164398,15.966216216216216,6.195945945945946,0.899336653820871,0.16559370388002956,0.0,0.49870622158050537,6.167132770814522,0.793918918918919,235/296,pgd,adult,MLP,0.5,0.05,50.0,
116,,,,,500,,0.592,1.78336763381958,0.49983108043670654,15.93918918918919,6.138513513513513,0.9075901357637959,0.1592884475693983,0.0,0.49850165843963623,6.079594153616765,0.7702702702702703,228/296,pgd,adult,MLP,0.5,0.05,70.0,
117,,,,,500,,0.522,1.585234522819519,0.49946361780166626,16.0,5.934865900383142,0.8780450830152332,0.17495264493271895,0.0,0.4989757537841797,5.788634277318555,0.6743295019157088,176/261,pgd,adult,MLP,0.5,0.07,10.0,
118,,,,,500,,0.56,1.7893213033676147,0.4997499883174896,16.0,6.15,0.9040810466047106,0.17125558230009946,0.0,0.4979627728462219,6.109064246073269,0.7785714285714286,218/280,pgd,adult,MLP,0.5,0.07,30.0,
119,,,,,500,,0.578,1.7885717153549194,0.5,16.0,6.083044982698962,0.9125498640836545,0.1671165013200299,0.0,0.4986611008644104,6.143167217863789,0.7785467128027682,225/289,pgd,adult,MLP,0.5,0.07,50.0,
120,,,,,500,,0.57,1.7819229364395142,0.5,16.0,6.094736842105263,0.9140121827508102,0.17294626263685003,0.0,0.49922043085098267,6.171764805328865,0.7824561403508772,223/285,pgd,adult,MLP,0.5,0.07,70.0,
121,,,,,500,,0.576,1.7673791646957397,0.4998263716697693,15.95138888888889,6.145833333333333,0.8969513359770644,0.1877378635811356,0.014845073223114014,0.4977889060974121,5.999678935679892,0.7361111111111112,212/288,pgd,adult,SoftDecisionTree,0.5,0.05,50.0,
122,,,,,500,,0.428,1.4339288473129272,0.4928719997406006,15.953271028037383,5.892523364485982,0.8023723826273649,0.19138606215690399,0.00037992000579833984,0.49922293424606323,5.322654361965321,0.5093457943925234,109/214,pgd,adult,TabTransformer,0.5,0.05,50.0,
123,,,,,500,,0.93,1.7221513986587524,0.5,15.888172043010753,60.64301075268817,0.9833691711202162,0.07482758249555316,4.76837158203125e-07,0.37714213132858276,7.085403450074726,0.7741935483870968,360/465,pgd,phishing_url,MLP,0.5,0.05,50.0,
124,,,,,500,,0.928,1.667122721672058,0.5,15.900862068965518,60.875,0.9372656501123103,0.14315941433111826,0.05066722631454468,0.4683299660682678,6.567164967902371,0.7306034482758621,339/464,pgd,phishing_url,SoftDecisionTree,0.5,0.05,50.0,
125,,,,,500,,0.902,1.5740845203399658,0.49977827072143555,15.904656319290465,60.50332594235033,0.9940454610298237,0.07846989680309685,1.3589859008789062e-05,0.4224957823753357,6.388419709348305,0.6452328159645233,291/451,pgd,phishing_url,TabTransformer,0.5,0.05,50.0,
126,,,,,500,,0.66,1.2334959506988525,0.5,7.975757575757576,16.0,0.9726602512268404,0.059568716497982246,2.7298927307128906e-05,0.5566792786121368,2.459362414452696,0.06363636363636363,21/330,pgd,pendigit,MLP,0.5,0.05,50.0,
127,,,,,500,,0.744,1.2265242338180542,0.49957308173179626,7.973118279569892,16.0,0.9717900456343678,0.20695852814242244,0.03494328260421753,0.799592524766922,2.517654335256319,0.051075268817204304,19/372,pgd,pendigit,SoftDecisionTree,0.5,0.05,50.0,
128,,,,,500,,0.696,1.2559477090835571,0.4998563230037689,7.954022988505747,16.0,0.9564342628613945,0.09717375255729023,0.00040477514266967773,0.6445035934448242,2.4986574281939307,0.05747126436781609,20/348,pgd,pendigit,TabTransformer,0.5,0.05,50.0,
129,,,,,500,,0.18120805369127516,1.335677146911621,0.5,8.0,10.148148148148149,0.5719381681195012,0.2161944782147642,0.03385591506958008,0.48728179931640625,2.7446194438070646,0.07407407407407407,2/27,pgd,german_credit,MLP,0.5,0.05,50.0,
130,,,,,500,,0.1568627450980392,1.346821665763855,0.5,8.0,10.166666666666666,0.628146235520641,0.2718379557594772,0.16602569818496704,0.49409204721450806,2.949343470131913,0.08333333333333333,2/24,pgd,german_credit,SoftDecisionTree,0.5,0.05,50.0,
131,,,,,500,,0.18120805369127516,1.3474977016448975,0.5,8.0,10.407407407407407,0.6487249580246431,0.16061414118672981,0.0049402713775634766,0.4993947744369507,2.96841287908458,0.18518518518518517,5/27,pgd,german_credit,TabTransformer,0.5,0.05,50.0,
132,,,,,500,,0.732,1.1629700660705566,0.4983450472354889,7.972677595628415,7.10655737704918,0.8160193179025699,0.28217529850219614,2.9802322387695312e-06,0.4955182671546936,2.785690062200491,0.09289617486338798,34/366,pgd,electricity,MLP,0.5,0.05,50.0,
133,,,,,500,,0.802,1.2660963535308838,0.5,7.967581047381546,7.127182044887781,0.835468044605552,0.253281482542404,0.0024373531341552734,0.497799277305603,2.862954919307202,0.08478802992518704,34/401,pgd,electricity,SoftDecisionTree,0.5,0.05,50.0,
134,,,,,500,,0.716,1.1572693586349487,0.49828970432281494,7.955307262569832,7.125698324022347,0.8325106607464385,0.253710515902076,0.00604480504989624,0.4955931305885315,2.618502372235371,0.030726256983240222,11/358,pgd,electricity,TabTransformer,0.5,0.05,50.0,
135,,,,,500,,0.8511066398390342,1.6316688060760498,0.4997635781764984,15.936170212765957,11.851063829787234,0.9628748544670092,0.2446408412746481,0.0004981756210327148,0.5953710079193115,5.276072603123299,0.46335697399527187,196/423,pgd,covertype,MLP,0.5,0.05,50.0,
136,,,,,500,,0.8953722334004024,1.6407512426376343,0.4993354082107544,15.946067415730337,11.786516853932584,0.9512427093946928,0.4032257078931882,0.14493727684020996,0.6285853981971741,5.086715258258813,0.41797752808988764,186/445,pgd,covertype,SoftDecisionTree,0.5,0.05,50.0,
137,,,,,500,,0.8913480885311871,1.529278039932251,0.4993138313293457,15.941309255079007,11.354401805869074,0.9531491045103324,0.23055397360413163,0.00037670135498046875,0.5945035219192505,4.902338401121689,0.36343115124153497,161/443,pgd,covertype,TabTransformer,0.5,0.05,50.0,
138,0.6,,0.01,300.0,500,,0.34,1.794392704963684,1.7943657636642456,16.0,4.482352941176471,0.711245274004143,0.16217193585453613,0.0,0.49976760149002075,5.965614331442432,0.9294117647058824,158/170,deltaz,adult,MLP,,,,1.0
139,0.6,,0.01,300.0,500,,0.85,1.7258585691452026,0.6755777597427368,16.0,5.555294117647059,0.9121267261958265,0.18507599274317424,0.0,0.49267297983169556,5.222034817737697,0.4752941176470588,202/425,deltaz,adult,MLP,,,,2.0
140,0.6,,0.03,300.0,500,,0.384,0.7786423563957214,0.7782670855522156,16.0,6.098958333333333,0.8254660943178654,0.13596534051678397,0.0,0.4919389486312866,3.865222755937232,0.13020833333333334,25/192,deltaz,adult,MLP,,,,1.0
141,0.6,,0.03,300.0,500,,0.846,1.7173839807510376,0.6727418899536133,16.0,5.546099290780142,0.9091198445571976,0.18275844431542732,0.0,0.4959110617637634,5.231421982943863,0.47754137115839246,202/423,deltaz,adult,MLP,,,,2.0
142,0.6,,0.1,300.0,500,,0.08,0.17094013094902039,0.14216828346252441,16.0,4.2,0.6532752125523984,0.15993207796760228,0.0,0.4980921149253845,3.7227700423232735,0.125,5/40,deltaz,adult,MLP,,,,1.0
143,0.6,,0.1,300.0,500,,0.84,1.6866222620010376,0.6570640206336975,16.0,5.5285714285714285,0.9046393815071193,0.18360874354839324,0.0,0.48689401149749756,5.088022654704333,0.4261904761904762,179/420,deltaz,adult,MLP,,,,2.0
144,0.6,,0.15,300.0,500,,0.07,0.15340042114257812,0.12754695117473602,16.0,4.2,0.6534274127334356,0.1590237404710503,0.0,0.4937119483947754,3.9593100295610406,0.17142857142857143,6/35,deltaz,adult,MLP,,,,1.0
145,0.6,,0.15,300.0,500,,0.82,1.6687049865722656,0.6889809370040894,16.0,5.570731707317073,0.9107523637984719,0.20754739112324186,0.0,0.49678415060043335,5.028318032775947,0.4024390243902439,165/410,deltaz,adult,MLP,,,,2.0
146,0.6,,0.2,300.0,500,,0.146,0.3471240997314453,0.25026533007621765,16.0,4.301369863013699,0.6503589774086459,0.15673994780703507,0.0,0.4949677586555481,3.5160579603505644,0.1095890410958904,8/73,deltaz,adult,MLP,,,,1.0
147,0.6,,0.2,300.0,500,,0.866,1.769802212715149,0.6956100463867188,16.0,5.581986143187067,0.9110960724175395,0.15536578377680993,0.0,0.45673900842666626,5.386658611905605,0.5704387990762124,247/433,deltaz,adult,MLP,,,,2.0
148,0.6,,0.25,300.0,500,,0.152,0.42009568214416504,0.22806252539157867,16.0,4.157894736842105,0.6575493503141364,0.15888488292694092,0.0,0.49953359365463257,3.510769817587356,0.11842105263157894,9/76,deltaz,adult,MLP,,,,1.0
149,0.6,,0.25,300.0,500,,0.84,1.7345815896987915,0.6782898902893066,16.0,5.519047619047619,0.9160399046878713,0.1968295194208622,0.0,0.4974379539489746,5.185420423705215,0.4666666666666667,196/420,deltaz,adult,MLP,,,,2.0
150,0.6,,0.3,300.0,500,,0.124,0.3301052451133728,0.2340545952320099,16.0,4.129032258064516,0.6491785261840108,0.16210633706828775,0.0,0.4960344433784485,3.714435304632815,0.12903225806451613,8/62,deltaz,adult,MLP,,,,1.0
151,0.6,,0.3,300.0,500,,0.892,1.8974028825759888,0.7664058804512024,16.0,5.7825112107623315,0.9324761834311823,0.15179183416896397,0.0,0.4929906129837036,5.502388554511667,0.6434977578475336,287/446,deltaz,adult,MLP,,,,2.0
152,0.7,,0.01,300.0,500,,0.05,0.014257865026593208,0.008807297796010971,16.0,4.16,0.6712696566432714,0.15698659859205547,0.0,0.49542176723480225,4.003993851355869,0.16,4/25,deltaz,adult,MLP,,,,1.0
153,0.7,,0.01,300.0,500,,0.82,1.6565957069396973,0.6410044431686401,16.0,5.4731707317073175,0.9057187451742232,0.2000679718123542,0.0,0.49500930309295654,5.086079169981067,0.424390243902439,174/410,deltaz,adult,MLP,,,,2.0
154,0.7,,0.03,300.0,500,,0.052,0.04449351876974106,0.030890176072716713,16.0,4.269230769230769,0.6832422523830946,0.15907500376178244,0.0,0.4995075464248657,4.151488826188244,0.19230769230769232,5/26,deltaz,adult,MLP,,,,1.0
155,0.7,,0.03,300.0,500,,0.824,1.6620104312896729,0.6410486102104187,16.0,5.492718446601942,0.9059804044447747,0.19991324096918106,0.0,0.49077677726745605,5.109680089276182,0.4320388349514563,178/412,deltaz,adult,MLP,,,,2.0
156,0.7,,0.1,300.0,500,,0.064,0.10067786276340485,0.055177196860313416,16.0,4.21875,0.6624150852148887,0.16084208575069395,0.0,0.4992120862007141,3.8996661354735895,0.15625,5/32,deltaz,adult,MLP,,,,1.0
157,0.7,,0.1,300.0,500,,0.834,1.7012819051742554,0.6600372791290283,16.0,5.453237410071942,0.9109864440683513,0.19628143310546875,0.0,0.49741649627685547,5.239266091089232,0.4988009592326139,208/417,deltaz,adult,MLP,,,,2.0
158,0.7,,0.15,300.0,500,,0.072,0.17519086599349976,0.09960521012544632,16.0,4.222222222222222,0.6707906129821721,0.16133580292607175,0.0,0.4982808828353882,3.827757389834807,0.1388888888888889,5/36,deltaz,adult,MLP,,,,1.0
159,0.7,,0.15,300.0,500,,0.802,1.6044366359710693,0.6244692802429199,16.0,5.438902743142145,0.8892454663862219,0.1947962376806471,0.0,0.4999896287918091,4.993849023912747,0.38403990024937656,154/401,deltaz,adult,MLP,,,,2.0
160,0.7,,0.2,300.0,500,,0.09,0.23394091427326202,0.13822665810585022,16.0,4.177777777777778,0.6407764602866438,0.1602531645324204,0.0,0.49841535091400146,3.7384466021717984,0.13333333333333333,6/45,deltaz,adult,MLP,,,,1.0
161,0.7,,0.2,300.0,500,,0.802,1.6321909427642822,0.6436095833778381,16.0,5.433915211970075,0.9069994490120208,0.20232320795155534,0.0,0.49845123291015625,5.033768880108055,0.3915211970074813,157/401,deltaz,adult,MLP,,,,2.0
162,0.7,,0.25,300.0,500,,0.112,0.29081958532333374,0.21492548286914825,16.0,4.125,0.6394624620942133,0.15974375269971453,0.0,0.4997379779815674,3.785091385866047,0.14285714285714285,8/56,deltaz,adult,MLP,,,,1.0
163,0.7,,0.25,300.0,500,,0.882,1.8854687213897705,0.7334028482437134,16.0,5.471655328798186,0.9290818262952119,0.1745037163718272,0.0,0.49487680196762085,5.59885855973987,0.6780045351473923,299/441,deltaz,adult,MLP,,,,2.0
164,0.7,,0.3,300.0,500,,0.12,0.40950843691825867,0.3119606673717499,16.0,4.433333333333334,0.6329292384131501,0.16634919535030018,0.0,0.49830567836761475,3.852033790888277,0.15,9/60,deltaz,adult,MLP,,,,1.0
165,0.7,,0.3,300.0,500,,0.892,1.9138418436050415,0.7483959794044495,16.0,5.771300448430493,0.9329375787224491,0.16346803417912237,0.0,0.4979853630065918,5.2277767472224825,0.49551569506726456,221/446,deltaz,adult,MLP,,,,2.0
166,0.8,,0.01,300.0,500,,0.05,0.009913722053170204,0.0060819415375590324,16.0,4.32,0.6761407218500972,0.15663967722340633,0.0,0.495103120803833,4.175082099630077,0.2,5/25,deltaz,adult,MLP,,,,1.0
167,0.8,,0.01,300.0,500,,0.8,1.5936261415481567,0.6087417602539062,16.0,5.3475,0.8953448141678291,0.1905863779783249,0.0,0.4812777042388916,5.082417169121515,0.42,168/400,deltaz,adult,MLP,,,,2.0
168,0.8,,0.03,300.0,500,,0.052,0.02075984701514244,0.010781005956232548,16.0,4.1923076923076925,0.6681062095941832,0.15698490590485842,0.0,0.4946376085281372,3.987317454789593,0.15384615384615385,4/26,deltaz,adult,MLP,,,,1.0
169,0.8,,0.03,300.0,500,,0.798,1.5959773063659668,0.6232277750968933,16.0,5.370927318295739,0.8968739837186888,0.19214691502032893,0.0,0.4977894425392151,5.06334623081634,0.41102756892230574,164/399,deltaz,adult,MLP,,,,2.0
170,0.8,,0.1,300.0,500,,0.064,0.11487754434347153,0.056766435503959656,16.0,4.25,0.6529020379530266,0.15908616985011304,0.0,0.49618399143218994,3.9976524081816582,0.1875,6/32,deltaz,adult,MLP,,,,1.0
171,0.8,,0.1,300.0,500,,0.768,1.5544995069503784,0.6095172762870789,16.0,5.34375,0.8986638047664807,0.20077237075772777,0.0,0.4984787106513977,5.05872406492944,0.4036458333333333,155/384,deltaz,adult,MLP,,,,2.0
172,0.8,,0.15,300.0,500,,0.064,0.15400728583335876,0.10389351844787598,16.0,4.28125,0.6557891221018508,0.15851007007126117,0.0,0.4941205382347107,4.173853985922233,0.21875,7/32,deltaz,adult,MLP,,,,1.0
173,0.8,,0.15,300.0,500,,0.81,1.6314759254455566,0.6685647368431091,16.0,5.5283950617283955,0.9066372988195787,0.19678147278333966,0.0,0.49531155824661255,4.991647767447805,0.38765432098765434,157/405,deltaz,adult,MLP,,,,2.0
174,0.8,,0.2,300.0,500,,0.074,0.17902827262878418,0.08817410469055176,16.0,4.1891891891891895,0.6548465269844275,0.1617928440833452,0.0,0.49959975481033325,3.791648151862006,0.13513513513513514,5/37,deltaz,adult,MLP,,,,1.0
175,0.8,,0.2,300.0,500,,0.728,1.4670159816741943,0.5722846984863281,16.0,5.291208791208791,0.8849807717515932,0.20339302718639374,0.0,0.4937291145324707,4.980653308373005,0.3708791208791209,135/364,deltaz,adult,MLP,,,,2.0
176,0.8,,0.25,300.0,500,,0.11,0.3060229420661926,0.1769431233406067,16.0,4.236363636363636,0.6431166541508653,0.16137957157713645,0.0,0.4970057010650635,3.7123542278705526,0.12727272727272726,7/55,deltaz,adult,MLP,,,,1.0
177,0.8,,0.25,300.0,500,,0.826,1.681445598602295,0.6541816592216492,16.0,5.351089588377724,0.9051696970941091,0.19615085851186995,0.0,0.4988674521446228,5.354866505931033,0.5786924939467313,239/413,deltaz,adult,MLP,,,,2.0
178,0.8,,0.3,300.0,500,,0.086,0.2740872800350189,0.14392408728599548,16.0,4.27906976744186,0.6550713695347482,0.16408254007281048,0.0,0.4998254179954529,3.6943306649036334,0.13953488372093023,6/43,deltaz,adult,MLP,,,,1.0
179,0.8,,0.3,300.0,500,,0.752,1.5365383625030518,0.6106785535812378,16.0,5.316489361702128,0.8978613770121112,0.20991004907315777,0.0,0.4966764450073242,4.996162998715302,0.3696808510638298,139/376,deltaz,adult,MLP,,,,2.0
180,0.9,,0.01,300.0,500,,0.054,0.009738223627209663,0.004643680993467569,16.0,4.333333333333333,0.6654018384783909,0.15548196655499255,0.0,0.4961196184158325,4.070656141361419,0.18518518518518517,5/27,deltaz,adult,MLP,,,,1.0
181,0.9,,0.01,300.0,500,,0.766,1.5316901206970215,0.594316840171814,16.0,5.3054830287206265,0.8897278678537492,0.19768503588488978,0.0,0.4977821707725525,4.95434010406389,0.3629242819843342,139/383,deltaz,adult,MLP,,,,2.0
182,0.9,,0.03,300.0,500,,0.048,0.030521854758262634,0.018123406916856766,16.0,4.291666666666667,0.6815471844359612,0.15797963300172022,0.0,0.49839264154434204,4.2006195849191075,0.20833333333333334,5/24,deltaz,adult,MLP,,,,1.0
183,0.9,,0.03,300.0,500,,0.766,1.5272064208984375,0.5932248830795288,16.0,5.300261096605744,0.8890890404199513,0.19884094010051498,0.0,0.4932730793952942,4.962611727986253,0.3681462140992167,141/383,deltaz,adult,MLP,,,,2.0
184,0.9,,0.1,300.0,500,,0.064,0.09618164598941803,0.06267158687114716,16.0,4.1875,0.6614642956992611,0.15861277218557832,0.0,0.49943822622299194,3.9019088358084395,0.125,4/32,deltaz,adult,MLP,,,,1.0
185,0.9,,0.1,300.0,500,,0.762,1.5456360578536987,0.6089223623275757,16.0,5.291338582677166,0.8941330461252536,0.20446233338668568,0.0,0.4877135157585144,4.946386616416657,0.3569553805774278,136/381,deltaz,adult,MLP,,,,2.0
186,0.9,,0.15,300.0,500,,0.062,0.14830543100833893,0.09265756607055664,16.0,4.225806451612903,0.6704255737244121,0.16088172113463314,0.0,0.4979857802391052,4.014594836647329,0.16129032258064516,5/31,deltaz,adult,MLP,,,,1.0
187,0.9,,0.15,300.0,500,,0.746,1.4987159967422485,0.5935670733451843,16.0,5.246648793565684,0.8873123898498287,0.19443240222029798,0.0,0.49432802200317383,4.887079948164513,0.3378016085790885,126/373,deltaz,adult,MLP,,,,2.0
188,0.9,,0.2,300.0,500,,0.066,0.1788136065006256,0.11419622600078583,16.0,4.333333333333333,0.6514118506827138,0.15951129455893148,0.0,0.49389028549194336,3.984683278791644,0.15151515151515152,5/33,deltaz,adult,MLP,,,,1.0
189,0.9,,0.2,300.0,500,,0.746,1.506325602531433,0.5736050605773926,16.0,5.310991957104558,0.880493662592487,0.20444323697428066,0.0,0.4965597987174988,5.052477511855484,0.4101876675603217,153/373,deltaz,adult,MLP,,,,2.0
190,0.9,,0.25,300.0,500,,0.094,0.20771019160747528,0.13914813101291656,16.0,4.191489361702128,0.6478807098291656,0.16062142859494713,0.0,0.4952769875526428,3.6443269785375927,0.1276595744680851,6/47,deltaz,adult,MLP,,,,1.0
191,0.9,,0.25,300.0,500,,0.788,1.5777969360351562,0.6005330085754395,16.0,5.340101522842639,0.8936160786171672,0.1985317013173733,0.0,0.4977099895477295,5.079046655343962,0.41878172588832485,165/394,deltaz,adult,MLP,,,,2.0
192,0.9,,0.3,300.0,500,,0.084,0.31095194816589355,0.20787093043327332,16.0,4.404761904761905,0.6625266237228754,0.16711137961091954,0.0,0.49967771768569946,3.7554720656258795,0.16666666666666666,7/42,deltaz,adult,MLP,,,,1.0
193,0.9,,0.3,300.0,500,,0.758,1.5197030305862427,0.6016233563423157,16.0,5.366754617414248,0.8979428802245378,0.18108202849537874,0.0,0.4837459921836853,4.779586313780917,0.30606860158311344,116/379,deltaz,adult,MLP,,,,2.0
194,1.0,,0.01,300.0,500,,0.05,0.008192252367734909,0.0048324246890842915,16.0,4.32,0.6760201761126519,0.15630944666109586,0.0,0.4959895610809326,4.172927184174428,0.2,5/25,deltaz,adult,MLP,,,,1.0
195,1.0,,0.01,300.0,500,,0.722,1.4481257200241089,0.5713815689086914,16.0,5.221606648199446,0.8812930471996017,0.1919418406143463,0.0,0.497398316860199,4.7805465953773245,0.30193905817174516,109/361,deltaz,adult,MLP,,,,2.0
196,1.0,,0.03,300.0,500,,0.052,0.017646024003624916,0.008597557432949543,16.0,4.3076923076923075,0.6741534768818662,0.15674085342934363,0.0,0.49749159812927246,4.07911479540101,0.19230769230769232,5/26,deltaz,adult,MLP,,,,1.0
197,1.0,,0.03,300.0,500,,0.722,1.4373068809509277,0.5589057803153992,16.0,5.21606648199446,0.8793120955689772,0.18651209932437046,0.0,0.4872002601623535,4.765353968162521,0.29916897506925205,108/361,deltaz,adult,MLP,,,,2.0
198,1.0,,0.1,300.0,500,,0.05,0.0881485864520073,0.04390810802578926,16.0,4.2,0.6733394797518849,0.15745636714132208,0.0,0.4947899580001831,4.146789871218302,0.16,4/25,deltaz,adult,MLP,,,,1.0
199,1.0,,0.1,300.0,500,,0.734,1.4811991453170776,0.5885276794433594,16.0,5.2425068119891005,0.8886237685737227,0.18807054417473928,0.0,0.4990055561065674,4.851961635486371,0.3188010899182561,117/367,deltaz,adult,MLP,,,,2.0
200,1.0,,0.15,300.0,500,,0.064,0.10664425790309906,0.05013158172369003,16.0,4.21875,0.6708389542764053,0.16091864103944892,0.0,0.49859392642974854,3.884963441398563,0.15625,5/32,deltaz,adult,MLP,,,,1.0
201,1.0,,0.15,300.0,500,,0.694,1.3811465501785278,0.5324615836143494,16.0,5.23342939481268,0.8754276253645522,0.1880750192536248,0.0,0.4929952025413513,4.661653462488556,0.26512968299711814,92/347,deltaz,adult,MLP,,,,2.0
202,1.0,,0.2,300.0,500,,0.08,0.2347526103258133,0.15140008926391602,16.0,4.225,0.6721644155913964,0.16622566114301268,0.0,0.49715685844421387,3.8388059804083197,0.15,6/40,deltaz,adult,MLP,,,,1.0
203,1.0,,0.2,300.0,500,,0.758,1.5428773164749146,0.6170358657836914,16.0,5.160949868073879,0.8915631528178938,0.20570309841928403,0.0,0.4880198836326599,4.854805252713954,0.32717678100263853,124/379,deltaz,adult,MLP,,,,2.0
204,1.0,,0.25,300.0,500,,0.114,0.32084643840789795,0.16238456964492798,16.0,4.2105263157894735,0.6244119205103632,0.1580155224078934,0.0,0.4978053569793701,3.676706673048423,0.10526315789473684,6/57,deltaz,adult,MLP,,,,1.0
205,1.0,,0.25,300.0,500,,0.732,1.4905155897140503,0.5765523314476013,16.0,5.360655737704918,0.8987787622351336,0.18269711777345457,0.0,0.48878270387649536,4.616923018208309,0.24043715846994534,88/366,deltaz,adult,MLP,,,,2.0
206,1.0,,0.3,300.0,500,,0.098,0.29005756974220276,0.1782311648130417,15.0,4.326530612244898,0.638786796176312,0.1593276816038229,0.0,0.4990364909172058,3.642181632353301,0.10204081632653061,5/49,deltaz,adult,MLP,,,,1.0
207,1.0,,0.3,300.0,500,,0.684,1.384756088256836,0.5365080237388611,16.0,5.105263157894737,0.8772949626923223,0.18876828573927096,0.0,0.4993569254875183,4.663813279303643,0.25146198830409355,86/342,deltaz,adult,MLP,,,,2.0
208,1.0,,0.1,300.0,500,,0.532,1.0677785873413086,0.4678865075111389,16.0,4.657894736842105,0.7992802257684612,0.20231096484722236,0.013680458068847656,0.4999944567680359,4.006569763481392,0.10150375939849623,27/266,deltaz,adult,SoftDecisionTree,,,,2.0
209,1.0,,0.1,300.0,500,,0.038,0.018111860379576683,0.010191214270889759,16.0,4.315789473684211,0.5819683451401559,0.1904916163541671,6.985664367675781e-05,0.4981272220611572,3.152649780990104,0.0,0/19,deltaz,adult,TabTransformer,,,,2.0
210,1.0,,0.1,300.0,500,,0.826,1.1528176069259644,0.7897940278053284,16.0,59.92978208232446,0.9648830322629082,0.09572220122677157,0.0,0.4918518662452698,3.3958904989909002,0.03631961259079903,15/413,deltaz,phishing_url,MLP,,,,2.0
211,1.0,,0.1,300.0,500,,0.658,0.7320062518119812,0.49676722288131714,16.0,59.5531914893617,0.8765340797761654,0.12620507590254845,0.05065673589706421,0.49496620893478394,2.901863882127606,0.02127659574468085,7/329,deltaz,phishing_url,SoftDecisionTree,,,,2.0
212,1.0,,0.1,300.0,500,,0.858,1.2096283435821533,0.7827512621879578,16.0,59.967365967365964,0.9799813308805317,0.09378691374416083,3.814697265625e-06,0.4910008907318115,3.4351024101749164,0.04428904428904429,19/429,deltaz,phishing_url,TabTransformer,,,,2.0
213,1.0,,0.1,300.0,500,,0.08053691275167785,0.012151292525231838,0.006569643970578909,8.0,9.833333333333334,0.5460730617245039,0.20719753782244493,0.025654733180999756,0.4891544580459595,2.45401708464864,0.0,0/12,deltaz,german_credit,MLP,,,,2.0
214,1.0,,0.1,300.0,500,,0.06535947712418301,0.00822609756141901,0.004830536432564259,8.0,9.6,0.5792180597782135,0.26315126510766834,0.16250872611999512,0.499064564704895,2.2745112054423036,0.0,0/10,deltaz,german_credit,SoftDecisionTree,,,,2.0
215,1.0,,0.1,300.0,500,,0.10738255033557047,0.015610392205417156,0.012311376631259918,8.0,10.0625,0.6338622597977519,0.15776088587323525,0.003597736358642578,0.48089122772216797,2.6121726528980016,0.0625,1/16,deltaz,german_credit,TabTransformer,,,,2.0
216,1.0,,0.1,300.0,500,,0.658,0.8034561276435852,0.5764158368110657,8.0,7.0,0.7672753001755743,0.25606144311135276,1.9073486328125e-06,0.4984099864959717,2.446728905791853,0.0182370820668693,6/329,deltaz,electricity,MLP,,,,2.0
217,1.0,,0.1,300.0,500,,0.662,0.8441936373710632,0.6367397904396057,8.0,7.0,0.7599743870494949,0.2463067378518144,0.002333521842956543,0.4962881803512573,2.453677625489274,0.021148036253776436,7/331,deltaz,electricity,SoftDecisionTree,,,,2.0
218,1.0,,0.1,300.0,500,,0.622,0.920135498046875,0.6780260801315308,8.0,7.0,0.7786095903690761,0.26335364800912364,0.005714237689971924,0.499613881111145,2.4371098761467103,0.00964630225080386,3/311,deltaz,electricity,TabTransformer,,,,2.0
