dataset,victim,seed,n,valid_success_differs,raw_success_differs
cicids2017_distrinet,cnn,42,3200,0,0
cicids2017_distrinet,cnn,2024,3200,0,0
cicids2017_distrinet,cnn,2026,3200,0,0
cicids2017_distrinet,ft_transformer,42,3200,0,0
cicids2017_distrinet,ft_transformer,2024,3200,0,0
cicids2017_distrinet,ft_transformer,2026,3200,0,0
cicids2017_distrinet,mlp,42,3200,0,0
cicids2017_distrinet,mlp,2024,3200,0,0
cicids2017_distrinet,mlp,2026,3200,0,0
cicids2018_distrinet,cnn-s42,42,3200,0,0
cicids2018_distrinet,cnn-s42,2024,3200,0,0
cicids2018_distrinet,cnn-s42,2026,3200,0,0
cicids2018_distrinet,ft_transformer-s42,42,3200,0,0
cicids2018_distrinet,ft_transformer-s42,2024,3200,0,0
cicids2018_distrinet,ft_transformer-s42,2026,3200,0,0
cicids2018_distrinet,mlp-s42,42,3200,0,0
cicids2018_distrinet,mlp-s42,2024,3200,0,0
cicids2018_distrinet,mlp-s42,2026,3200,0,0
