dataset,victim,budget,arm,timing_capable,with_padding_headroom,never_refined,valid_asr
cicids2017_distrinet,cnn,p75,reference,7086,0,0,0.18247248094834886
cicids2017_distrinet,cnn,p75,no_capability,7086,7086,0,0.036550945526390065
cicids2017_distrinet,cnn,unb,reference,7086,0,0,0.8120237087214225
cicids2017_distrinet,cnn,unb,no_capability,7086,7086,0,0.09822184589331075
cicids2017_distrinet,ft_transformer,p75,reference,7089,0,0,0.0016927634363097758
cicids2017_distrinet,ft_transformer,p75,no_capability,7089,7089,0,0.00042319085907744394
cicids2017_distrinet,ft_transformer,unb,reference,7089,0,0,0.00747637184370151
cicids2017_distrinet,ft_transformer,unb,no_capability,7089,7089,0,0.00042319085907744394
cicids2017_distrinet,mlp,p75,reference,7086,0,0,0.0554614733276884
cicids2017_distrinet,mlp,p75,no_capability,7086,7086,0,0.002540220152413209
cicids2017_distrinet,mlp,unb,reference,7086,0,0,0.3111769686706181
cicids2017_distrinet,mlp,unb,no_capability,7086,7086,0,0.009596387242449902
cicids2018_distrinet,cnn-s42,p75,reference,7170,0,0,0.015481171548117154
cicids2018_distrinet,cnn-s42,p75,no_capability,7170,7149,0,0.00041841004184100416
cicids2018_distrinet,cnn-s42,unb,reference,7170,0,0,0.3506276150627615
cicids2018_distrinet,cnn-s42,unb,no_capability,7170,7149,0,0.06178521617852162
cicids2018_distrinet,ft_transformer-s42,p75,reference,7173,0,0,0.0
cicids2018_distrinet,ft_transformer-s42,p75,no_capability,7173,7149,0,0.0
cicids2018_distrinet,ft_transformer-s42,unb,reference,7173,0,0,0.001672940192388122
cicids2018_distrinet,ft_transformer-s42,unb,no_capability,7173,7149,0,0.0012547051442910915
cicids2018_distrinet,mlp-s42,p75,reference,7173,0,0,0.033877038895859475
cicids2018_distrinet,mlp-s42,p75,no_capability,7173,7149,0,0.0026488219712811935
cicids2018_distrinet,mlp-s42,unb,reference,7173,0,0,0.5937543566150844
cicids2018_distrinet,mlp-s42,unb,no_capability,7173,7149,0,0.31186393419768577
