dataset,victim,budget,arm,validator_v2_successes,rejected_by_rule,extended_successes
cicids2017_distrinet,cnn,p75,capaware_rule_off,1293,0,1293
cicids2017_distrinet,cnn,p75,capaware_rule_on,1293,0,1293
cicids2017_distrinet,cnn,p75,nocap_rule_off,259,0,259
cicids2017_distrinet,cnn,p75,nocap_rule_on,259,0,259
cicids2017_distrinet,cnn,unb,capaware_rule_off,5754,0,5754
cicids2017_distrinet,cnn,unb,capaware_rule_on,5754,0,5754
cicids2017_distrinet,cnn,unb,nocap_rule_off,696,0,696
cicids2017_distrinet,cnn,unb,nocap_rule_on,696,0,696
cicids2017_distrinet,ft_transformer,p75,capaware_rule_off,12,0,12
cicids2017_distrinet,ft_transformer,p75,capaware_rule_on,12,0,12
cicids2017_distrinet,ft_transformer,p75,nocap_rule_off,3,0,3
cicids2017_distrinet,ft_transformer,p75,nocap_rule_on,3,0,3
cicids2017_distrinet,ft_transformer,unb,capaware_rule_off,53,0,53
cicids2017_distrinet,ft_transformer,unb,capaware_rule_on,53,0,53
cicids2017_distrinet,ft_transformer,unb,nocap_rule_off,3,0,3
cicids2017_distrinet,ft_transformer,unb,nocap_rule_on,3,0,3
cicids2017_distrinet,mlp,p75,capaware_rule_off,393,0,393
cicids2017_distrinet,mlp,p75,capaware_rule_on,393,0,393
cicids2017_distrinet,mlp,p75,nocap_rule_off,18,0,18
cicids2017_distrinet,mlp,p75,nocap_rule_on,18,0,18
cicids2017_distrinet,mlp,unb,capaware_rule_off,2205,0,2205
cicids2017_distrinet,mlp,unb,capaware_rule_on,2205,0,2205
cicids2017_distrinet,mlp,unb,nocap_rule_off,68,0,68
cicids2017_distrinet,mlp,unb,nocap_rule_on,68,0,68
cicids2018_distrinet,cnn-s42,p75,capaware_rule_off,111,0,111
cicids2018_distrinet,cnn-s42,p75,capaware_rule_on,111,0,111
cicids2018_distrinet,cnn-s42,p75,nocap_rule_off,3,0,3
cicids2018_distrinet,cnn-s42,p75,nocap_rule_on,3,0,3
cicids2018_distrinet,cnn-s42,unb,capaware_rule_off,2514,0,2514
cicids2018_distrinet,cnn-s42,unb,capaware_rule_on,2514,0,2514
cicids2018_distrinet,cnn-s42,unb,nocap_rule_off,468,25,443
cicids2018_distrinet,cnn-s42,unb,nocap_rule_on,467,24,443
cicids2018_distrinet,ft_transformer-s42,p75,capaware_rule_off,0,0,0
cicids2018_distrinet,ft_transformer-s42,p75,capaware_rule_on,0,0,0
cicids2018_distrinet,ft_transformer-s42,p75,nocap_rule_off,0,0,0
cicids2018_distrinet,ft_transformer-s42,p75,nocap_rule_on,0,0,0
cicids2018_distrinet,ft_transformer-s42,unb,capaware_rule_off,12,0,12
cicids2018_distrinet,ft_transformer-s42,unb,capaware_rule_on,12,0,12
cicids2018_distrinet,ft_transformer-s42,unb,nocap_rule_off,33,24,9
cicids2018_distrinet,ft_transformer-s42,unb,nocap_rule_on,33,24,9
cicids2018_distrinet,mlp-s42,p75,capaware_rule_off,243,0,243
cicids2018_distrinet,mlp-s42,p75,capaware_rule_on,243,0,243
cicids2018_distrinet,mlp-s42,p75,nocap_rule_off,21,2,19
cicids2018_distrinet,mlp-s42,p75,nocap_rule_on,20,1,19
cicids2018_distrinet,mlp-s42,unb,capaware_rule_off,4259,0,4259
cicids2018_distrinet,mlp-s42,unb,capaware_rule_on,4259,0,4259
cicids2018_distrinet,mlp-s42,unb,nocap_rule_off,3698,1461,2237
cicids2018_distrinet,mlp-s42,unb,nocap_rule_on,3321,1084,2237
