dataset,split,class,flows,single_fwd_packet,violations
cicids2017_distrinet,train,Benign,1153431,200881,0
cicids2017_distrinet,train,DoS,120093,374,0
cicids2017_distrinet,train,DDoS,66568,0,0
cicids2017_distrinet,train,Recon,111311,110526,0
cicids2017_distrinet,train,BruteForce,4862,0,0
cicids2017_distrinet,val,Benign,247164,43327,0
cicids2017_distrinet,val,DoS,25733,137,0
cicids2017_distrinet,val,DDoS,14265,0,0
cicids2017_distrinet,val,Recon,23853,23735,0
cicids2017_distrinet,val,BruteForce,1043,0,0
cicids2017_distrinet,test,Benign,247164,46184,0
cicids2017_distrinet,test,DoS,25733,52,0
cicids2017_distrinet,test,DDoS,14265,0,0
cicids2017_distrinet,test,Recon,23852,23576,0
cicids2017_distrinet,test,BruteForce,1042,0,0
cicids2018_distrinet,train,Benign,175000,65581,0
cicids2018_distrinet,train,DoS,140000,38,0
cicids2018_distrinet,train,DDoS,140000,0,0
cicids2018_distrinet,train,Recon,62549,55179,0
cicids2018_distrinet,train,BruteForce,65938,0,0
cicids2018_distrinet,val,Benign,37500,11741,0
cicids2018_distrinet,val,DoS,30000,4,0
cicids2018_distrinet,val,DDoS,30000,0,0
cicids2018_distrinet,val,Recon,13403,11793,0
cicids2018_distrinet,val,BruteForce,14130,0,0
cicids2018_distrinet,test,Benign,37500,11375,0
cicids2018_distrinet,test,DoS,30000,2,0
cicids2018_distrinet,test,DDoS,30000,0,0
cicids2018_distrinet,test,Recon,13403,12034,0
cicids2018_distrinet,test,BruteForce,14129,0,0
