feature,PC1,PC2
Src Port,-0.03155742299168308,0.03676315223582147
Dst Port,-0.05902746990454377,0.12624225387497212
Protocol,-0.0785255738185846,0.02538508437997898
Flow Duration,0.13510785962298716,0.17375898308323356
Total Fwd Packet,0.1558551427699927,-0.10412732877329589
Total Bwd packets,0.15123159384799173,-0.1129147283146176
Total Length of Fwd Packet,0.138677286766233,-0.125262649035649
Total Length of Bwd Packet,0.16260883561356018,-0.09912740331898941
Fwd Packet Length Max,0.15009842032872509,-0.13972938221495662
Fwd Packet Length Min,-0.07866039301539197,0.027076349642684055
Fwd Packet Length Mean,0.137468800148868,-0.13348325513993972
Fwd Packet Length Std,0.14556618027209697,-0.12071704980603298
Bwd Packet Length Max,0.1745928985847813,-0.08461362214466718
Bwd Packet Length Min,-0.07714742671226062,0.029060884678126352
Bwd Packet Length Mean,0.14046344235059752,-0.005191529635118926
Bwd Packet Length Std,0.1495383255353894,-0.04084888272386906
Flow Bytes/s,-0.034930901095184,-0.0491623704319612
Flow Packets/s,-0.13459508430326997,0.042163277341716265
Flow IAT Mean,0.1100899862803013,0.19746913263338176
Flow IAT Std,0.12217721702221812,0.1901125731618775
Flow IAT Max,0.1265653520048979,0.18477669077238257
Flow IAT Min,-0.09436700206746744,0.07317411566321419
Fwd IAT Total,0.13566934409608133,0.15993489827057508
Fwd IAT Mean,0.11457243941345514,0.1821937392337254
Fwd IAT Std,0.12571552875169786,0.16507477472588983
Fwd IAT Max,0.12755107556391837,0.1704442557195347
Fwd IAT Min,0.025611225165268064,0.014750730362776202
Bwd IAT Total,0.1388712155750075,0.14254746174027072
Bwd IAT Mean,0.12329347775348949,0.1721301578055155
Bwd IAT Std,0.13811708449940416,0.15505245131802
Bwd IAT Max,0.1378165246206294,0.1550877790113285
Bwd IAT Min,0.06270166910181568,0.08322184637772129
Fwd PSH Flags,0.12674167443962994,-0.11418083316711075
Bwd PSH Flags,0.13645361902331624,-0.11305086079080019
Fwd URG Flags,-0.0058112809240698105,0.006407593916887921
Fwd Header Length,0.1396275021029753,-0.12464580830768396
Bwd Header Length,0.14045300277451678,-0.12634559501192322
Fwd Packets/s,-0.13462509988608387,0.042133376166061116
Bwd Packets/s,-0.1345103987116192,0.04220080933248965
Packet Length Min,-0.07864367351615874,0.026787868487935726
Packet Length Max,0.17701682233885996,-0.08022498352359463
Packet Length Mean,0.1553965352316748,-0.05685531872940646
Packet Length Std,0.15790196994918423,-0.04313529199244741
Packet Length Variance,0.1426871146007882,-0.004483907467097468
FIN Flag Count,0.10744826772775548,-0.14221231993092134
SYN Flag Count,0.13901503310085275,-0.03641590037367693
RST Flag Count,-0.0530351110607038,0.14502256462343077
PSH Flag Count,0.13167565979279017,-0.11316580557308276
ACK Flag Count,0.1532133740831342,-0.1110202834982949
URG Flag Count,-0.005811280924069809,0.00640759391688793
CWR Flag Count,0.06564335869443,0.06711047536220333
ECE Flag Count,0.06817727067398495,0.07320101738247861
Down/Up Ratio,-0.03935311833910602,-0.019446886341224157
Average Packet Size,0.1553965352316748,-0.05685531872940643
Fwd Segment Size Avg,0.137468800148868,-0.13348325513993978
Bwd Segment Size Avg,0.14046344235059752,-0.005191529635118925
Fwd Bytes/Bulk Avg,0.017794524202330058,0.013312357297463813
Fwd Packet/Bulk Avg,0.010132439646523354,0.009183733962006639
Fwd Bulk Rate Avg,0.02098282065781967,0.014731130799002288
Bwd Bytes/Bulk Avg,0.0647955736803773,0.04991081669794184
Bwd Packet/Bulk Avg,0.06311490824117337,0.04798117651203452
Bwd Bulk Rate Avg,0.06242786951965328,0.04870533079963359
Subflow Fwd Packets,-0.013715533234942524,0.02820085698735857
Subflow Fwd Bytes,0.13658513193594787,-0.12934238930937692
Subflow Bwd Packets,0.002368386100848391,0.012113110505496528
Subflow Bwd Bytes,0.13672612485617117,-0.018455546504616227
FWD Init Win Bytes,0.0631948230903152,-0.13016857244476165
Bwd Init Win Bytes,0.09629030755658331,-0.0031439502868661037
Fwd Act Data Pkts,0.13978840830952147,-0.10072388328254077
Fwd Seg Size Min,0.06448438801392692,-0.10937412925862551
Active Mean,0.09606574224694413,0.19900584941947985
Active Std,0.07509185547351888,0.09890005855804099
Active Max,0.09723925998133112,0.19922662034828886
Active Min,0.09398760904427134,0.1967984353557565
Idle Mean,0.09884687523200349,0.20179125502366876
Idle Std,0.06358512234349828,0.12026236915886532
Idle Max,0.09877427445647105,0.20190618086619602
Idle Min,0.09887096555254293,0.2015020496718278
