dataset,victim,budget,arm,successes,reference_successes,covers_reference,covered_by_reference,caa_coverage_of_union,union_successes,successes_outside_reference
cicids2017_distrinet,cnn,p75,reference,431,431,1.0,1.0,1.0,431,0
cicids2017_distrinet,cnn,p75,no_padding_sweep,431,431,1.0,1.0,1.0,431,0
cicids2017_distrinet,cnn,p75,no_refinement,0,431,0.0,,0.0,431,0
cicids2017_distrinet,cnn,p75,no_random_restarts,144,431,0.33410672853828305,1.0,0.33410672853828305,431,0
cicids2017_distrinet,cnn,p75,fixed_step,431,431,1.0,1.0,1.0,431,0
cicids2017_distrinet,cnn,p75,no_momentum,431,431,1.0,1.0,1.0,431,0
cicids2017_distrinet,cnn,p75,no_surrogate_floor,431,431,1.0,1.0,1.0,431,0
cicids2017_distrinet,cnn,p75,validator_post_hoc,431,431,1.0,1.0,1.0,431,0
cicids2017_distrinet,cnn,p75,last_iterate,398,431,0.9234338747099768,1.0,0.9234338747099768,431,0
cicids2017_distrinet,cnn,p75,final_prim_pgd,431,431,1.0,1.0,1.0,431,0
cicids2017_distrinet,cnn,unb,reference,1918,1918,1.0,1.0,1.0,1918,0
cicids2017_distrinet,cnn,unb,no_padding_sweep,1918,1918,1.0,1.0,1.0,1918,0
cicids2017_distrinet,cnn,unb,no_refinement,0,1918,0.0,,0.0,1918,0
cicids2017_distrinet,cnn,unb,no_random_restarts,1097,1918,0.5719499478623566,1.0,0.5719499478623566,1918,0
cicids2017_distrinet,cnn,unb,fixed_step,1918,1918,1.0,1.0,1.0,1918,0
cicids2017_distrinet,cnn,unb,no_momentum,1918,1918,1.0,1.0,1.0,1918,0
cicids2017_distrinet,cnn,unb,no_surrogate_floor,1918,1918,1.0,1.0,1.0,1918,0
cicids2017_distrinet,cnn,unb,validator_post_hoc,1918,1918,1.0,1.0,1.0,1918,0
cicids2017_distrinet,cnn,unb,last_iterate,1889,1918,0.9848800834202294,1.0,0.9848800834202294,1918,0
cicids2017_distrinet,cnn,unb,final_prim_pgd,1918,1918,1.0,1.0,1.0,1918,0
cicids2017_distrinet,ft_transformer,p75,reference,4,4,1.0,1.0,1.0,4,0
cicids2017_distrinet,ft_transformer,p75,no_padding_sweep,4,4,1.0,1.0,1.0,4,0
cicids2017_distrinet,ft_transformer,p75,no_refinement,0,4,0.0,,0.0,4,0
cicids2017_distrinet,ft_transformer,p75,no_random_restarts,4,4,1.0,1.0,1.0,4,0
cicids2017_distrinet,ft_transformer,p75,fixed_step,4,4,1.0,1.0,1.0,4,0
cicids2017_distrinet,ft_transformer,p75,no_momentum,4,4,1.0,1.0,1.0,4,0
cicids2017_distrinet,ft_transformer,p75,no_surrogate_floor,4,4,1.0,1.0,1.0,4,0
cicids2017_distrinet,ft_transformer,p75,validator_post_hoc,4,4,1.0,1.0,1.0,4,0
cicids2017_distrinet,ft_transformer,p75,last_iterate,4,4,1.0,1.0,1.0,4,0
cicids2017_distrinet,ft_transformer,p75,final_prim_pgd,4,4,1.0,1.0,1.0,4,0
cicids2017_distrinet,ft_transformer,unb,reference,18,18,1.0,1.0,0.9473684210526315,19,0
cicids2017_distrinet,ft_transformer,unb,no_padding_sweep,18,18,1.0,1.0,0.9473684210526315,19,0
cicids2017_distrinet,ft_transformer,unb,no_refinement,0,18,0.0,,0.0,19,0
cicids2017_distrinet,ft_transformer,unb,no_random_restarts,16,18,0.8888888888888888,1.0,0.8421052631578947,19,0
cicids2017_distrinet,ft_transformer,unb,fixed_step,16,18,0.8888888888888888,1.0,0.8421052631578947,19,0
cicids2017_distrinet,ft_transformer,unb,no_momentum,19,18,1.0,0.9473684210526315,1.0,19,1
cicids2017_distrinet,ft_transformer,unb,no_surrogate_floor,16,18,0.8888888888888888,1.0,0.8421052631578947,19,0
cicids2017_distrinet,ft_transformer,unb,validator_post_hoc,18,18,1.0,1.0,0.9473684210526315,19,0
cicids2017_distrinet,ft_transformer,unb,last_iterate,12,18,0.6666666666666666,1.0,0.631578947368421,19,0
cicids2017_distrinet,ft_transformer,unb,final_prim_pgd,19,18,1.0,0.9473684210526315,1.0,19,1
cicids2017_distrinet,mlp,p75,reference,131,131,1.0,1.0,1.0,131,0
cicids2017_distrinet,mlp,p75,no_padding_sweep,131,131,1.0,1.0,1.0,131,0
cicids2017_distrinet,mlp,p75,no_refinement,0,131,0.0,,0.0,131,0
cicids2017_distrinet,mlp,p75,no_random_restarts,131,131,1.0,1.0,1.0,131,0
cicids2017_distrinet,mlp,p75,fixed_step,131,131,1.0,1.0,1.0,131,0
cicids2017_distrinet,mlp,p75,no_momentum,131,131,1.0,1.0,1.0,131,0
cicids2017_distrinet,mlp,p75,no_surrogate_floor,131,131,1.0,1.0,1.0,131,0
cicids2017_distrinet,mlp,p75,validator_post_hoc,131,131,1.0,1.0,1.0,131,0
cicids2017_distrinet,mlp,p75,last_iterate,120,131,0.916030534351145,1.0,0.916030534351145,131,0
cicids2017_distrinet,mlp,p75,final_prim_pgd,131,131,1.0,1.0,1.0,131,0
cicids2017_distrinet,mlp,unb,reference,735,735,1.0,1.0,1.0,735,0
cicids2017_distrinet,mlp,unb,no_padding_sweep,735,735,1.0,1.0,1.0,735,0
cicids2017_distrinet,mlp,unb,no_refinement,0,735,0.0,,0.0,735,0
cicids2017_distrinet,mlp,unb,no_random_restarts,734,735,0.998639455782313,1.0,0.998639455782313,735,0
cicids2017_distrinet,mlp,unb,fixed_step,735,735,1.0,1.0,1.0,735,0
cicids2017_distrinet,mlp,unb,no_momentum,735,735,1.0,1.0,1.0,735,0
cicids2017_distrinet,mlp,unb,no_surrogate_floor,735,735,1.0,1.0,1.0,735,0
cicids2017_distrinet,mlp,unb,validator_post_hoc,735,735,1.0,1.0,1.0,735,0
cicids2017_distrinet,mlp,unb,last_iterate,716,735,0.9741496598639455,1.0,0.9741496598639455,735,0
cicids2017_distrinet,mlp,unb,final_prim_pgd,735,735,1.0,1.0,1.0,735,0
cicids2018_distrinet,cnn-s42,p75,reference,37,37,1.0,1.0,1.0,37,0
cicids2018_distrinet,cnn-s42,p75,no_padding_sweep,37,37,1.0,1.0,1.0,37,0
cicids2018_distrinet,cnn-s42,p75,no_refinement,0,37,0.0,,0.0,37,0
cicids2018_distrinet,cnn-s42,p75,no_random_restarts,34,37,0.918918918918919,1.0,0.918918918918919,37,0
cicids2018_distrinet,cnn-s42,p75,fixed_step,37,37,1.0,1.0,1.0,37,0
cicids2018_distrinet,cnn-s42,p75,no_momentum,37,37,1.0,1.0,1.0,37,0
cicids2018_distrinet,cnn-s42,p75,no_surrogate_floor,37,37,1.0,1.0,1.0,37,0
cicids2018_distrinet,cnn-s42,p75,validator_post_hoc,37,37,1.0,1.0,1.0,37,0
cicids2018_distrinet,cnn-s42,p75,last_iterate,31,37,0.8378378378378378,1.0,0.8378378378378378,37,0
cicids2018_distrinet,cnn-s42,p75,final_prim_pgd,37,37,1.0,1.0,1.0,37,0
cicids2018_distrinet,cnn-s42,unb,reference,837,837,1.0,1.0,0.995243757431629,841,0
cicids2018_distrinet,cnn-s42,unb,no_padding_sweep,837,837,1.0,1.0,0.995243757431629,841,0
cicids2018_distrinet,cnn-s42,unb,no_refinement,0,837,0.0,,0.0,841,0
cicids2018_distrinet,cnn-s42,unb,no_random_restarts,828,837,0.989247311827957,1.0,0.9845422116527943,841,0
cicids2018_distrinet,cnn-s42,unb,fixed_step,837,837,1.0,1.0,0.995243757431629,841,0
cicids2018_distrinet,cnn-s42,unb,no_momentum,839,837,1.0,0.9976162097735399,0.9976218787158145,841,2
cicids2018_distrinet,cnn-s42,unb,no_surrogate_floor,837,837,1.0,1.0,0.995243757431629,841,0
cicids2018_distrinet,cnn-s42,unb,validator_post_hoc,837,837,1.0,1.0,0.995243757431629,841,0
cicids2018_distrinet,cnn-s42,unb,last_iterate,836,837,0.998805256869773,1.0,0.9940546967895363,841,0
cicids2018_distrinet,cnn-s42,unb,final_prim_pgd,841,837,1.0,0.995243757431629,1.0,841,4
cicids2018_distrinet,ft_transformer-s42,p75,reference,0,0,,,,0,0
cicids2018_distrinet,ft_transformer-s42,p75,no_padding_sweep,0,0,,,,0,0
cicids2018_distrinet,ft_transformer-s42,p75,no_refinement,0,0,,,,0,0
cicids2018_distrinet,ft_transformer-s42,p75,no_random_restarts,0,0,,,,0,0
cicids2018_distrinet,ft_transformer-s42,p75,fixed_step,0,0,,,,0,0
cicids2018_distrinet,ft_transformer-s42,p75,no_momentum,0,0,,,,0,0
cicids2018_distrinet,ft_transformer-s42,p75,no_surrogate_floor,0,0,,,,0,0
cicids2018_distrinet,ft_transformer-s42,p75,validator_post_hoc,0,0,,,,0,0
cicids2018_distrinet,ft_transformer-s42,p75,last_iterate,0,0,,,,0,0
cicids2018_distrinet,ft_transformer-s42,p75,final_prim_pgd,0,0,,,,0,0
cicids2018_distrinet,ft_transformer-s42,unb,reference,4,4,1.0,1.0,1.0,4,0
cicids2018_distrinet,ft_transformer-s42,unb,no_padding_sweep,4,4,1.0,1.0,1.0,4,0
cicids2018_distrinet,ft_transformer-s42,unb,no_refinement,0,4,0.0,,0.0,4,0
cicids2018_distrinet,ft_transformer-s42,unb,no_random_restarts,4,4,1.0,1.0,1.0,4,0
cicids2018_distrinet,ft_transformer-s42,unb,fixed_step,4,4,1.0,1.0,1.0,4,0
cicids2018_distrinet,ft_transformer-s42,unb,no_momentum,4,4,1.0,1.0,1.0,4,0
cicids2018_distrinet,ft_transformer-s42,unb,no_surrogate_floor,4,4,1.0,1.0,1.0,4,0
cicids2018_distrinet,ft_transformer-s42,unb,validator_post_hoc,4,4,1.0,1.0,1.0,4,0
cicids2018_distrinet,ft_transformer-s42,unb,last_iterate,3,4,0.75,1.0,0.75,4,0
cicids2018_distrinet,ft_transformer-s42,unb,final_prim_pgd,4,4,1.0,1.0,1.0,4,0
cicids2018_distrinet,mlp-s42,p75,reference,81,81,1.0,1.0,1.0,81,0
cicids2018_distrinet,mlp-s42,p75,no_padding_sweep,81,81,1.0,1.0,1.0,81,0
cicids2018_distrinet,mlp-s42,p75,no_refinement,0,81,0.0,,0.0,81,0
cicids2018_distrinet,mlp-s42,p75,no_random_restarts,69,81,0.8518518518518519,1.0,0.8518518518518519,81,0
cicids2018_distrinet,mlp-s42,p75,fixed_step,81,81,1.0,1.0,1.0,81,0
cicids2018_distrinet,mlp-s42,p75,no_momentum,81,81,1.0,1.0,1.0,81,0
cicids2018_distrinet,mlp-s42,p75,no_surrogate_floor,81,81,1.0,1.0,1.0,81,0
cicids2018_distrinet,mlp-s42,p75,validator_post_hoc,81,81,1.0,1.0,1.0,81,0
cicids2018_distrinet,mlp-s42,p75,last_iterate,72,81,0.8888888888888888,1.0,0.8888888888888888,81,0
cicids2018_distrinet,mlp-s42,p75,final_prim_pgd,81,81,1.0,1.0,1.0,81,0
cicids2018_distrinet,mlp-s42,unb,reference,1419,1419,1.0,1.0,1.0,1419,0
cicids2018_distrinet,mlp-s42,unb,no_padding_sweep,1419,1419,1.0,1.0,1.0,1419,0
cicids2018_distrinet,mlp-s42,unb,no_refinement,0,1419,0.0,,0.0,1419,0
cicids2018_distrinet,mlp-s42,unb,no_random_restarts,1406,1419,0.9908386187455955,1.0,0.9908386187455955,1419,0
cicids2018_distrinet,mlp-s42,unb,fixed_step,1419,1419,1.0,1.0,1.0,1419,0
cicids2018_distrinet,mlp-s42,unb,no_momentum,1418,1419,0.9992952783650458,1.0,0.9992952783650458,1419,0
cicids2018_distrinet,mlp-s42,unb,no_surrogate_floor,1410,1419,0.9936575052854123,1.0,0.9936575052854123,1419,0
cicids2018_distrinet,mlp-s42,unb,validator_post_hoc,1419,1419,1.0,1.0,1.0,1419,0
cicids2018_distrinet,mlp-s42,unb,last_iterate,1361,1419,0.9591261451726568,1.0,0.9591261451726568,1419,0
cicids2018_distrinet,mlp-s42,unb,final_prim_pgd,1418,1419,0.9992952783650458,1.0,0.9992952783650458,1419,0
