scope,dataset,victim,condition,method,objective,budget,source_class,n_per_seed,max_modified_outside_mask,raw_asr_mean,raw_asr_sd,raw_asr_seed42,raw_asr_seed2024,raw_asr_seed2026,valid_asr_mean,valid_asr_sd,valid_asr_seed42,valid_asr_seed2024,valid_asr_seed2026,validity_gap_pp_mean,validity_gap_pp_sd,validity_gap_pp_seed42,validity_gap_pp_seed2024,validity_gap_pp_seed2026,validator_pass_rate_mean,validator_pass_rate_sd,validator_pass_rate_seed42,validator_pass_rate_seed2024,validator_pass_rate_seed2026,raw_targeted_benign_asr_mean,raw_targeted_benign_asr_sd,raw_targeted_benign_asr_seed42,raw_targeted_benign_asr_seed2024,raw_targeted_benign_asr_seed2026,valid_targeted_benign_asr_mean,valid_targeted_benign_asr_sd,valid_targeted_benign_asr_seed42,valid_targeted_benign_asr_seed2024,valid_targeted_benign_asr_seed2026,mean_model_evaluations_mean,mean_model_evaluations_sd,mean_model_evaluations_seed42,mean_model_evaluations_seed2024,mean_model_evaluations_seed2026,mean_l2_robust_scaled_mean,mean_l2_robust_scaled_sd,mean_l2_robust_scaled_seed42,mean_l2_robust_scaled_seed2024,mean_l2_robust_scaled_seed2026,mean_linf_robust_scaled_mean,mean_linf_robust_scaled_sd,mean_linf_robust_scaled_seed42,mean_linf_robust_scaled_seed2024,mean_linf_robust_scaled_seed2026,mean_l2_train_minmax_mean,mean_l2_train_minmax_sd,mean_l2_train_minmax_seed42,mean_l2_train_minmax_seed2024,mean_l2_train_minmax_seed2026,mean_features_modified_mean,mean_features_modified_sd,mean_features_modified_seed42,mean_features_modified_seed2024,mean_features_modified_seed2026,median_primitive_cost_valid_mean,median_primitive_cost_valid_sd,median_primitive_cost_valid_seed42,median_primitive_cost_valid_seed2024,median_primitive_cost_valid_seed2026,ms_per_flow_mean,ms_per_flow_sd,ms_per_flow_seed42,ms_per_flow_seed2024,ms_per_flow_seed2026
victim,cicids2017_distrinet,mlp,prim_pgd_p75_targeted,Prim-PGD targeted→Benign,targeted,p75,ALL,3200,0,0.0409375,0.0,0.0409375,0.0409375,0.0409375,0.0409375,0.0,0.0409375,0.0409375,0.0409375,0.0,0.0,0.0,0.0,0.0,1.0,0.0,1.0,1.0,1.0,0.0409375,0.0,0.0409375,0.0409375,0.0409375,0.0409375,0.0,0.0409375,0.0409375,0.0409375,187.08624999999998,3.4809342861069267e-14,187.08625,187.08625,187.08625,3421.013292980428,0.6252418360217302,3420.7000328937256,3420.6066038939152,3421.733242153644,3420.9462677215524,0.6252638671170476,3420.6329511898093,3420.5396059480818,3421.666246026766,0.020914610385277744,1.260217354991348e-05,0.02092408612312929,0.02090030838689296,0.020919436645810988,8.131979166666667,0.003428017223312984,8.128125,8.133125,8.1346875,0.6166668732961019,0.028867520342094364,0.6000001430511475,0.600000262260437,0.6500002145767212,2.975689843757815,0.033106267239238575,2.937502437562216,2.996305531269172,2.9932615624420578
victim,cicids2017_distrinet,cnn,prim_pgd_p75_targeted,Prim-PGD targeted→Benign,targeted,p75,ALL,3200,0,0.1325,0.0,0.1325,0.1325,0.1325,0.1325,0.0,0.1325,0.1325,0.1325,0.0,0.0,0.0,0.0,0.0,1.0,0.0,1.0,1.0,1.0,0.1325,0.0,0.1325,0.1325,0.1325,0.1325,0.0,0.1325,0.1325,0.1325,187.08624999999998,3.4809342861069267e-14,187.08625,187.08625,187.08625,3119.8850261852895,12.326617886544259,3105.919868897411,3124.48510719765,3129.250102460808,3119.818392426527,12.326264681784057,3105.853653198241,3124.4182539672606,3129.1832701140806,0.01953617941896198,5.18725752026276e-05,0.01948217413219282,0.019585617209078594,0.01954074691561452,8.198333333333332,0.002217062151437442,8.2003125,8.19875,8.1959375,0.6458012561003367,0.009937111155839878,0.6344540119171143,0.6529500782489777,0.6499996781349182,3.2188537915499182,0.022865881566598172,3.237560343623045,3.1933636873873184,3.2256373436393915
victim,cicids2017_distrinet,ft_transformer,prim_pgd_p75_targeted,Prim-PGD targeted→Benign,targeted,p75,ALL,3200,0,0.00125,0.0,0.00125,0.00125,0.00125,0.00125,0.0,0.00125,0.00125,0.00125,0.0,0.0,0.0,0.0,0.0,1.0,0.0,1.0,1.0,1.0,0.00125,0.0,0.00125,0.00125,0.00125,0.00125,0.0,0.00125,0.00125,0.00125,187.165,0.0,187.165,187.165,187.165,3273.088859396986,1.8355009465925027,3275.0229201399184,3272.8725756584986,3271.3710823925417,3273.0283109454954,1.834865384732626,3274.961823235546,3272.811807190174,3271.3113024107656,0.019689956497812293,6.1471803944495475e-06,0.019695072727675705,0.019683137400506714,0.01969165936525446,8.105312499999998,0.001900863290718071,8.1065625,8.10625,8.103125,0.26530789335568744,0.014670251044823696,0.27245138585567474,0.24843411147594452,0.2750381827354431,13.501597968740194,0.11075345836274067,13.446807406216976,13.629067343717907,13.428919156285701
victim,cicids2018_distrinet,mlp-s42,prim_pgd_p75_targeted,Prim-PGD targeted→Benign,targeted,p75,ALL,3200,0,0.0078125,0.0,0.0078125,0.0078125,0.0078125,0.0078125,0.0,0.0078125,0.0078125,0.0078125,0.0,0.0,0.0,0.0,0.0,1.0,0.0,1.0,1.0,1.0,0.0078125,0.0,0.0078125,0.0078125,0.0078125,0.0078125,0.0,0.0078125,0.0078125,0.0078125,189.92125,0.0,189.92125,189.92125,189.92125,350.2895907228531,4.360581595819799,353.12662695631553,345.2685608557846,352.4735843564592,350.1497305965358,4.359888650368973,352.98582753070906,345.1294543911466,352.3339098677516,0.008244551572784817,3.629431403980542e-05,0.008261028359992477,0.008202941576820522,0.008269684781541458,6.640833333333333,0.02955452676128223,6.6421875,6.610625,6.6696875,0.4528418680032094,0.00492220298947672,0.45852553844451904,0.44999995827674866,0.4500001072883606,3.0679967082930184,0.058951235650942874,3.1347764999372885,3.046034531216719,3.023179093725048
victim,cicids2018_distrinet,cnn-s42,prim_pgd_p75_targeted,Prim-PGD targeted→Benign,targeted,p75,ALL,3200,0,0.0,0.0,0.0,0.0,0.0,0.0,0.0,0.0,0.0,0.0,0.0,0.0,0.0,0.0,0.0,0.9989583333333334,0.00018042195912172215,0.99875,0.9990625,0.9990625,0.0,0.0,0.0,0.0,0.0,0.0,0.0,0.0,0.0,0.0,189.8425,0.0,189.8425,189.8425,189.8425,284.6748504797186,3.11184240390869,286.8450981138313,281.10958915604385,286.0698641692807,284.4762264174358,3.1000415265097208,286.62394530386837,280.9222994036218,285.8824345448172,0.005552159883010114,0.00012552057325063972,0.005680997783534256,0.00543024301234593,0.005545238853150155,6.461458333333334,0.009459686944256241,6.4528125,6.4715625,6.46,,,,,,2.9260608332939833,0.04381779199655536,2.938135093645542,2.8774718750355532,2.962575531200855
victim,cicids2018_distrinet,ft_transformer-s42,prim_pgd_p75_targeted,Prim-PGD targeted→Benign,targeted,p75,ALL,3200,0,0.0,0.0,0.0,0.0,0.0,0.0,0.0,0.0,0.0,0.0,0.0,0.0,0.0,0.0,0.0,0.999375,0.0,0.999375,0.999375,0.999375,0.0,0.0,0.0,0.0,0.0,0.0,0.0,0.0,0.0,0.0,189.92125,0.0,189.92125,189.92125,189.92125,246.2127627167155,0.8419305832331467,245.6254232710519,247.1773433044608,245.83552157463382,245.7546852214667,0.8677987591355917,245.2014414417368,246.75485094310682,245.30776327955647,0.00544553686267677,0.00017243924054801663,0.005340662629128248,0.005351391790785477,0.005644556168116586,7.869583333333334,0.011045596784843218,7.876875,7.875,7.856875,,,,,,13.393268000072567,0.021572593074719162,13.369067062521935,13.400258406400098,13.410478531295666
victim,cicids2017_distrinet,mlp,prim_pgd_p75_untargeted,Prim-PGD untargeted,untargeted,p75,ALL,3200,0,0.0409375,0.0,0.0409375,0.0409375,0.0409375,0.0409375,0.0,0.0409375,0.0409375,0.0409375,0.0,0.0,0.0,0.0,0.0,1.0,0.0,1.0,1.0,1.0,0.0409375,0.0,0.0409375,0.0409375,0.0409375,0.0409375,0.0,0.0409375,0.0409375,0.0409375,187.08624999999998,3.4809342861069267e-14,187.08625,187.08625,187.08625,3417.90207691065,0.6252418360218441,3417.5888168239476,3417.4953878241377,3418.6220260838663,3417.8350516889436,0.6252638671170476,3417.5217351572005,3417.428389915473,3418.5550299941574,0.02089996104305322,1.260217354991348e-05,0.02090943678090476,0.020885659044668433,0.02090478730358646,8.128541666666665,0.003428017223312984,8.1246875,8.1296875,8.13125,0.6166668732961019,0.028867520342094364,0.6000001430511475,0.600000262260437,0.6500002145767212,7.068326562512084,0.08453330626839714,7.016550249973079,7.022553781280294,7.1658756562828785
victim,cicids2017_distrinet,cnn,prim_pgd_p75_untargeted,Prim-PGD untargeted,untargeted,p75,ALL,3200,0,0.1346875,0.0,0.1346875,0.1346875,0.1346875,0.1346875,0.0,0.1346875,0.1346875,0.1346875,0.0,0.0,0.0,0.0,0.0,1.0,0.0,1.0,1.0,1.0,0.13208333333333333,0.00018042195912177023,0.1321875,0.1321875,0.131875,0.13208333333333333,0.00018042195912177023,0.1321875,0.1321875,0.131875,187.08624999999998,3.4809342861069267e-14,187.08625,187.08625,187.08625,3117.709109962079,13.024162653592567,3102.7157569317183,3124.191717195859,3126.219855758658,3117.643598239118,13.024395247407853,3102.649871597166,3124.1275486317004,3126.1533744884887,0.01952183945277897,5.7041895979030855e-05,0.01946220592255158,0.01957587727177863,0.019527435164006703,8.198854166666665,0.002953634766408201,8.2021875,8.1965625,8.1978125,0.6399857401847839,0.01487447336903387,0.6242687106132507,0.6538426876068115,0.6418458223342896,7.222938656268525,0.04065671556216197,7.237819375077379,7.254058531252667,7.176938062475529
victim,cicids2017_distrinet,ft_transformer,prim_pgd_p75_untargeted,Prim-PGD untargeted,untargeted,p75,ALL,3200,0,0.00125,0.0,0.00125,0.00125,0.00125,0.00125,0.0,0.00125,0.00125,0.00125,0.0,0.0,0.0,0.0,0.0,1.0,0.0,1.0,1.0,1.0,0.00125,0.0,0.00125,0.00125,0.00125,0.00125,0.0,0.00125,0.00125,0.00125,187.165,0.0,187.165,187.165,187.165,2515.6708961791232,2.514281300459395,2514.269239460499,2518.5735713292434,2514.169877747627,2515.6192329029545,2.5162553092766524,2514.2148799845877,2518.524222436815,2514.11859628746,0.017194682156669465,0.0001250314435933213,0.01727252574640652,0.017261060616025066,0.017050460107576805,7.166041666666666,0.026973535448348993,7.190625,7.1703125,7.1371875,0.26530789335568744,0.014670251044823696,0.27245138585567474,0.24843411147594452,0.2750381827354431,13.846237854183224,0.06847755796189686,13.885771125060273,13.885775656308397,13.767166781181004
victim,cicids2018_distrinet,mlp-s42,prim_pgd_p75_untargeted,Prim-PGD untargeted,untargeted,p75,ALL,3200,0,0.0253125,0.0,0.0253125,0.0253125,0.0253125,0.0253125,0.0,0.0253125,0.0253125,0.0253125,0.0,0.0,0.0,0.0,0.0,1.0,0.0,1.0,1.0,1.0,0.0078125,0.0,0.0078125,0.0078125,0.0078125,0.0078125,0.0,0.0078125,0.0078125,0.0078125,189.92125,0.0,189.92125,189.92125,189.92125,353.04578498463803,4.409542530939486,355.8516921344472,347.96326225939106,355.3224005600759,352.9289134148889,4.408116807401047,355.73392374667304,347.8480347542807,355.20478174371283,0.008213592937826506,4.5230873206587575e-05,0.008232236102643677,0.008162020246613177,0.008246522464222663,6.601145833333334,0.030162860890229556,6.601875,6.570625,6.6309375,0.6079374154408773,0.013748172011949288,0.6000003218650818,0.5999994874000549,0.6238124370574951,2.966072041648052,0.07932583530034355,3.0511714686872438,2.894176906265784,2.952867749991128
victim,cicids2018_distrinet,cnn-s42,prim_pgd_p75_untargeted,Prim-PGD untargeted,untargeted,p75,ALL,3200,0,0.011562499999999998,2.1245936804851847e-18,0.0115625,0.0115625,0.0115625,0.011562499999999998,2.1245936804851847e-18,0.0115625,0.0115625,0.0115625,0.0,0.0,0.0,0.0,0.0,0.9989583333333334,0.00018042195912172215,0.99875,0.9990625,0.9990625,0.0,0.0,0.0,0.0,0.0,0.0,0.0,0.0,0.0,0.0,189.8425,0.0,189.8425,189.8425,189.8425,281.10543777246886,3.045533917032196,283.14963394827544,277.60519050909073,282.5614888600405,280.89347769229215,3.0338571881474152,282.9148791438788,277.40492677596745,282.36062715703014,0.005532038762503206,0.0001247666912475231,0.005658984119099977,0.0054095712999121075,0.005527560868497533,6.575729166666666,0.008616919524014154,6.5675,6.5846875,6.575,0.8478819529215494,0.034794604448529144,0.8690468072891235,0.8077241778373718,0.8668748736381531,2.832274947916934,0.09322962505751452,2.92919271865685,2.7432331563613843,2.8243989687325666
victim,cicids2018_distrinet,ft_transformer-s42,prim_pgd_p75_untargeted,Prim-PGD untargeted,untargeted,p75,ALL,3200,0,0.0,0.0,0.0,0.0,0.0,0.0,0.0,0.0,0.0,0.0,0.0,0.0,0.0,0.0,0.0,0.999375,0.0,0.999375,0.999375,0.999375,0.0,0.0,0.0,0.0,0.0,0.0,0.0,0.0,0.0,0.0,189.92125,0.0,189.92125,189.92125,189.92125,247.3859949438006,0.8425064742135705,246.78503458059305,248.34900975882505,247.0239404919837,246.93189482250833,0.8674902830452627,246.36498014286187,247.930541088895,246.50016323576816,0.005443798943982591,0.0001730911468924542,0.005338883689032396,0.0053489299374379125,0.005643583205477464,7.797708333333333,0.0020090939085402135,7.8,7.79625,7.796875,,,,,,13.040069895844985,0.06419450889906278,13.092486781315529,13.059251843733364,12.96847106248606
class,cicids2017_distrinet,mlp,prim_pgd_p75_targeted,Prim-PGD targeted→Benign,targeted,p75,DoS,800,0,0.05125,0.0,0.05125,0.05125,0.05125,0.05125,0.0,0.05125,0.05125,0.05125,0.0,0.0,0.0,0.0,0.0,1.0,0.0,1.0,1.0,1.0,0.05125,0.0,0.05125,0.05125,0.05125,0.05125,0.0,0.05125,0.05125,0.05125,248.59,0.0,248.59,248.59,248.59,2035.2131752624946,1.8299781090476706,2034.096883682291,2034.2175386641748,2037.3251034410177,2034.9469333403997,1.830060929470994,2033.8303611936828,2033.9514906773122,2037.0589481502043,0.0123754581979268,1.656872351671189e-05,0.012390935319579266,0.012357979686998574,0.012377459587202561,10.869166666666667,0.0019094065395649411,10.8675,10.86875,10.87125,0.7296095887819926,0.025771306151180236,0.7469953298568726,0.7418323159217834,0.7000011205673218,3.0609899166544587,0.18161110550862,2.8513475001091138,3.1702984997536987,3.161323750100564
class,cicids2017_distrinet,mlp,prim_pgd_p75_targeted,Prim-PGD targeted→Benign,targeted,p75,DDoS,800,0,0.1075,0.0,0.1075,0.1075,0.1075,0.1075,0.0,0.1075,0.1075,0.1075,0.0,0.0,0.0,0.0,0.0,1.0,0.0,1.0,1.0,1.0,0.1075,0.0,0.1075,0.1075,0.1075,0.1075,0.0,0.1075,0.1075,0.1075,242.92,0.0,242.92,242.92,242.92,7840.467992330442,0.9232257683671414,7839.814976344796,7840.064758306354,7841.524242340176,7840.467880434782,0.9232258037864781,7839.814864130434,7840.064646739131,7841.524130434783,0.03722011142760762,3.6293888462026503e-05,0.0372450905607917,0.03717847947746991,0.03723676424456126,10.63625,0.003750000000000142,10.6325,10.63625,10.64,0.609736313422521,0.026290995736573747,0.593822181224823,0.5953042805194855,0.6400824785232544,3.0575413333523707,0.01233495444375599,3.0544481248944066,3.07112850015983,3.047047375002876
class,cicids2017_distrinet,mlp,prim_pgd_p75_targeted,Prim-PGD targeted→Benign,targeted,p75,Recon,800,0,0.0,0.0,0.0,0.0,0.0,0.0,0.0,0.0,0.0,0.0,0.0,0.0,0.0,0.0,0.0,1.0,0.0,1.0,1.0,1.0,0.0,0.0,0.0,0.0,0.0,0.0,0.0,0.0,0.0,0.0,3.8349999999999995,5.438959822042073e-16,3.835,3.835,3.835,12.607417100758541,0.0027731106897710732,12.609018156961774,12.604214988352078,12.609018156961774,12.605809647259205,0.0028394428235803144,12.607449000337747,12.602530941102119,12.607449000337747,8.270735310528185e-05,5.9143446781071984e-12,8.270734969063336e-05,8.270735993457884e-05,8.270734969063336e-05,0.11791666666666667,0.0007216878364870329,0.1175,0.11875,0.1175,,,,,,2.658793083295071,0.07551418140060019,2.743849625112489,2.6328909999574535,2.5996386248152703
class,cicids2017_distrinet,mlp,prim_pgd_p75_targeted,Prim-PGD targeted→Benign,targeted,p75,BruteForce,800,0,0.005,0.0,0.005,0.005,0.005,0.005,0.0,0.005,0.005,0.005,0.0,0.0,0.0,0.0,0.0,1.0,0.0,1.0,1.0,1.0,0.005,0.0,0.005,0.005,0.005,0.005,0.0,0.005,0.005,0.005,253.0,0.0,253.0,253.0,253.0,3795.764587228017,0.44690819222503025,3796.279253390851,3795.5399036167796,3795.47460467642,3795.7644474637686,0.44692270864277883,3796.279130434783,3795.539755434783,3795.474456521739,0.033980164562471285,2.2980741387035986e-06,0.03397761126245556,0.033982067023168784,0.0339808154017895,10.904583333333335,0.008322910148099409,10.895,10.90875,10.91,0.35442593693733215,0.03563496120871094,0.3132782280445099,0.3749997913837433,0.3749997913837433,3.125435041729361,0.03469837947370381,3.100364500132855,3.110904125205707,3.1650364998495206
class,cicids2017_distrinet,cnn,prim_pgd_p75_targeted,Prim-PGD targeted→Benign,targeted,p75,DoS,800,0,0.205,0.0,0.205,0.205,0.205,0.205,0.0,0.205,0.205,0.205,0.0,0.0,0.0,0.0,0.0,1.0,0.0,1.0,1.0,1.0,0.205,0.0,0.205,0.205,0.205,0.205,0.0,0.205,0.205,0.205,248.905,0.0,248.905,248.905,248.905,2100.3775984501067,14.943733958261024,2083.9826561035998,2103.9146422066606,2113.2354970400593,2100.113022460659,14.942354137327138,2083.7197720692534,2103.6491805801143,2112.970114732611,0.011149548367441975,7.653706880560655e-06,0.011143430670934436,0.011158130762662574,0.011147083668728915,10.942083333333334,0.001909406539565135,10.94,10.94375,10.9425,0.7049060463905334,0.031187311728554757,0.6713293790817261,0.7329684197902679,0.7104203402996063,2.9577172499072426,0.045335764214973075,3.002324499830138,2.9116865000105463,2.959140749881044
class,cicids2017_distrinet,cnn,prim_pgd_p75_targeted,Prim-PGD targeted→Benign,targeted,p75,DDoS,800,0,0.315,0.0,0.315,0.315,0.315,0.315,0.0,0.315,0.315,0.315,0.0,0.0,0.0,0.0,0.0,1.0,0.0,1.0,1.0,1.0,0.315,0.0,0.315,0.315,0.315,0.315,0.0,0.315,0.315,0.315,242.92,0.0,242.92,242.92,242.92,6571.389075506907,35.448915187537594,6530.840986850978,6586.81389641906,6596.512343250682,6571.388958333333,35.44891557483525,6530.840869565217,6586.813777173914,6596.512228260869,0.03283244157728769,0.00020758754578659345,0.03261366549806015,0.0330266550820288,0.0328570041517741,10.774166666666668,0.005051814855409099,10.775,10.77875,10.76875,0.6020070910453796,0.02744075353709141,0.5802285671234131,0.6328279078006744,0.5929647982120514,3.5248189998674206,0.12307367057297552,3.6618698749225587,3.42373712483095,3.488849999848753
class,cicids2017_distrinet,cnn,prim_pgd_p75_targeted,Prim-PGD targeted→Benign,targeted,p75,Recon,800,0,0.00125,0.0,0.00125,0.00125,0.00125,0.00125,0.0,0.00125,0.00125,0.00125,0.0,0.0,0.0,0.0,0.0,1.0,0.0,1.0,1.0,1.0,0.00125,0.0,0.00125,0.00125,0.00125,0.00125,0.0,0.00125,0.00125,0.00125,3.52,0.0,3.52,3.52,3.52,0.1490065147330982,0.002192564875870328,0.14883439855554648,0.14690508047880885,0.1512800651649393,0.14732260776878484,0.00219257164800423,0.1471505063195095,0.14522115849342251,0.1495961584934225,2.409527784997903e-05,1.7451359159325776e-08,2.4075600044126988e-05,2.410887679334962e-05,2.4101356712460485e-05,0.10583333333333333,0.0007216878364870328,0.105,0.10625,0.10625,0.9125932653745016,0.09463459405971947,0.8054807782173157,0.9848816394805908,0.9474173784255981,3.0473010831822953,0.08048451382270998,2.963331374921836,3.054795749776531,3.1237761248485185
class,cicids2017_distrinet,cnn,prim_pgd_p75_targeted,Prim-PGD targeted→Benign,targeted,p75,BruteForce,800,0,0.00875,0.0,0.00875,0.00875,0.00875,0.00875,0.0,0.00875,0.00875,0.00875,0.0,0.0,0.0,0.0,0.0,1.0,0.0,1.0,1.0,1.0,0.00875,0.0,0.00875,0.00875,0.00875,0.00875,0.0,0.00875,0.00875,0.00875,253.0,0.0,253.0,253.0,253.0,3807.6244242694124,0.9377122682876508,3808.706998236511,3807.0649850844,3807.101289487327,3807.624266304347,0.9376952801501013,3808.706820652174,3807.0648369565215,3807.101141304348,0.034138632453268265,7.725257692674614e-06,0.03414752475973257,0.03413357411482965,0.0341347984852426,10.97125,0.00866025403784369,10.98125,10.96625,10.96625,0.4469573199748993,0.06865215867083142,0.4068068861961365,0.40783730149269104,0.5262277722358704,3.3455778332427144,0.03286086507132528,3.322715624817647,3.383235374931246,3.33078249997925
class,cicids2017_distrinet,ft_transformer,prim_pgd_p75_targeted,Prim-PGD targeted→Benign,targeted,p75,DoS,800,0,0.00125,0.0,0.00125,0.00125,0.00125,0.00125,0.0,0.00125,0.00125,0.00125,0.0,0.0,0.0,0.0,0.0,1.0,0.0,1.0,1.0,1.0,0.00125,0.0,0.00125,0.00125,0.00125,0.00125,0.0,0.00125,0.00125,0.00125,248.905,0.0,248.905,248.905,248.905,2250.811591898151,3.3260478566178127,2253.1679712131217,2252.2598450322557,2247.0069594490756,2250.5714831874407,3.323311911459978,2252.9256591592384,2252.018855847315,2246.7699345557694,0.011683838591097508,1.9073272078135936e-05,0.01167863834559641,0.011667904750623405,0.011704972677072713,10.779583333333333,0.0072168783648699115,10.78375,10.78375,10.77125,0.14959525068600973,0.0007074832824887167,0.15000371634960175,0.14877831935882568,0.15000371634960175,16.989388666697778,0.32075604106876077,16.777305750001688,17.358394124894403,16.832466125197243
class,cicids2017_distrinet,ft_transformer,prim_pgd_p75_targeted,Prim-PGD targeted→Benign,targeted,p75,DDoS,800,0,0.0,0.0,0.0,0.0,0.0,0.0,0.0,0.0,0.0,0.0,0.0,0.0,0.0,0.0,0.0,1.0,0.0,1.0,1.0,1.0,0.0,0.0,0.0,0.0,0.0,0.0,0.0,0.0,0.0,0.0,242.92,0.0,242.92,242.92,242.92,7059.669618723631,4.636527188143931,7065.007354297191,7057.359663985462,7056.641837888241,7059.669519927537,4.636527130489632,7065.007255434783,7057.359565217392,7056.641739130435,0.033253864803656184,2.2031188782968827e-05,0.0332792544141564,0.03324254805434703,0.033239791942465124,10.56,0.0,10.56,10.56,10.56,,,,,,16.590321166731883,0.21987295759899114,16.40489962504944,16.83322600001702,16.53283787512919
class,cicids2017_distrinet,ft_transformer,prim_pgd_p75_targeted,Prim-PGD targeted→Benign,targeted,p75,Recon,800,0,0.0,0.0,0.0,0.0,0.0,0.0,0.0,0.0,0.0,0.0,0.0,0.0,0.0,0.0,0.0,1.0,0.0,1.0,1.0,1.0,0.0,0.0,0.0,0.0,0.0,0.0,0.0,0.0,0.0,0.0,3.8349999999999995,5.438959822042073e-16,3.835,3.835,3.835,0.3735845628008181,0.0,0.3735845628008181,0.3735845628008181,0.3735845628008181,0.3720142177290519,6.798699777552591e-17,0.37201421772905185,0.37201421772905185,0.37201421772905185,2.511615571098513e-05,0.0,2.511615571098513e-05,2.511615571098513e-05,2.511615571098513e-05,0.1175,0.0,0.1175,0.1175,0.1175,,,,,,3.15591129163901,0.0007911624996143897,3.155248374969233,3.155698374903295,3.1567871250445023
class,cicids2017_distrinet,ft_transformer,prim_pgd_p75_targeted,Prim-PGD targeted→Benign,targeted,p75,BruteForce,800,0,0.00375,0.0,0.00375,0.00375,0.00375,0.00375,0.0,0.00375,0.00375,0.00375,0.0,0.0,0.0,0.0,0.0,1.0,0.0,1.0,1.0,1.0,0.00375,0.0,0.00375,0.00375,0.00375,0.00375,0.0,0.00375,0.00375,0.00375,253.0,0.0,253.0,253.0,253.0,3781.5006424033613,0.040520647030704904,3781.5427704865597,3781.4972090534766,3781.461947670048,3781.5002264492755,0.04053038397850079,3781.5423641304346,3781.496793478261,3781.46152173913,0.03379700644078449,2.636033347982028e-07,0.033797281995239035,0.03379698064134544,0.03379675668576901,10.964166666666666,0.0007216878364874014,10.965,10.96375,10.96375,0.28165678183237713,0.027529765316264214,0.2948939800262451,0.25000879168510437,0.30006757378578186,17.270770749892108,0.15551155022681037,17.449775874847546,17.168950875056908,17.19358549977187
class,cicids2018_distrinet,mlp-s42,prim_pgd_p75_targeted,Prim-PGD targeted→Benign,targeted,p75,DoS,800,0,0.0,0.0,0.0,0.0,0.0,0.0,0.0,0.0,0.0,0.0,0.0,0.0,0.0,0.0,0.0,1.0,0.0,1.0,1.0,1.0,0.0,0.0,0.0,0.0,0.0,0.0,0.0,0.0,0.0,0.0,235.045,0.0,235.045,235.045,235.045,1.2333614252048861,0.012282932302054425,1.2318058912814447,1.221930356775931,1.2463480275572827,1.1633567464606946,0.01205454486367813,1.162082472585211,1.1519899581471646,1.1759978086497085,0.0003194839644864803,5.0679695075564905e-06,0.00031697081280525065,0.0003161637110316251,0.000325317369622565,2.825833333333333,0.06638351326446455,2.8,2.77625,2.90125,,,,,,3.2400928749120794,0.16223955814965005,3.3758071248303168,3.0603969999356195,3.284074499970302
class,cicids2018_distrinet,mlp-s42,prim_pgd_p75_targeted,Prim-PGD targeted→Benign,targeted,p75,DDoS,800,0,0.005,0.0,0.005,0.005,0.005,0.005,0.0,0.005,0.005,0.005,0.0,0.0,0.0,0.0,0.0,1.0,0.0,1.0,1.0,1.0,0.005,0.0,0.005,0.005,0.005,0.005,0.0,0.005,0.005,0.005,240.085,0.0,240.085,240.085,240.085,1147.3674519428653,0.21560025969743637,1147.245638356799,1147.2403306537701,1147.6163868180267,1146.9853774554963,0.21727349185571,1146.8592760016147,1146.8605942457807,1147.2362621190937,0.02723171281527741,1.5768354898459804e-05,0.02724184796532642,0.027239744861099206,0.027213545619406605,10.724583333333333,0.050579969684978576,10.75625,10.66625,10.75125,0.8851977984110514,0.023433766364921928,0.8859379589557648,0.8614027202129364,0.9082527160644531,3.2072556667844765,0.042023472012323614,3.2417045001056977,3.2196273750741966,3.160435125173535
class,cicids2018_distrinet,mlp-s42,prim_pgd_p75_targeted,Prim-PGD targeted→Benign,targeted,p75,Recon,800,0,0.02625,0.0,0.02625,0.02625,0.02625,0.02625,0.0,0.02625,0.02625,0.02625,0.0,0.0,0.0,0.0,0.0,1.0,0.0,1.0,1.0,1.0,0.02625,0.0,0.02625,0.02625,0.02625,0.02625,0.0,0.02625,0.02625,0.02625,31.554999999999996,4.351167857633658e-15,31.555,31.555,31.555,252.31414511761287,17.338268344894967,263.7856639963287,232.36857427341792,260.788197083092,252.2565513933848,17.337786518776504,263.7283177051077,232.31159456477525,260.7297419102714,0.0050016192876551355,0.000150716246723791,0.005059910628646889,0.004830463136206112,0.005114484098112404,1.0191666666666668,0.01312995938049055,1.01875,1.00625,1.0325,0.42157208919525146,0.0310091450238147,0.4262116849422455,0.3885045647621155,0.45000001788139343,2.7639439581738166,0.1710122313553009,2.880444624752272,2.843772874912247,2.5676143748569302
class,cicids2018_distrinet,mlp-s42,prim_pgd_p75_targeted,Prim-PGD targeted→Benign,targeted,p75,BruteForce,800,0,0.0,0.0,0.0,0.0,0.0,0.0,0.0,0.0,0.0,0.0,0.0,0.0,0.0,0.0,0.0,1.0,0.0,1.0,1.0,1.0,0.0,0.0,0.0,0.0,0.0,0.0,0.0,0.0,0.0,0.0,253.0,0.0,253.0,253.0,253.0,0.2434044057292205,4.382309152896461e-06,0.2433995808527965,0.24340813917429524,0.24340549716056978,0.1936367908011115,2.533436311812702e-06,0.1936339435286925,0.19363879588325575,0.19363763299138625,0.0004253902237202495,5.511831346024907e-09,0.0004253840331913491,0.0004253945989451432,0.0004253920390242562,11.99375,0.0,11.99375,11.99375,11.99375,,,,,,3.060694333301702,0.019723687868812234,3.0411497500608675,3.0603408749448135,3.0805923748994246
class,cicids2018_distrinet,cnn-s42,prim_pgd_p75_targeted,Prim-PGD targeted→Benign,targeted,p75,DoS,800,0,0.0,0.0,0.0,0.0,0.0,0.0,0.0,0.0,0.0,0.0,0.0,0.0,0.0,0.0,0.0,1.0,0.0,1.0,1.0,1.0,0.0,0.0,0.0,0.0,0.0,0.0,0.0,0.0,0.0,0.0,234.73,0.0,234.73,234.73,234.73,0.43687351064939023,0.013481261054395236,0.4437532115882498,0.42134041058108734,0.4455269097788336,0.40161769519295,0.01179865483263335,0.4076795632071339,0.3880203723517491,0.40915315001996705,0.00017738688586704237,6.980114230398356e-06,0.000181409188151291,0.0001693269490682754,0.0001814245203815607,3.2887500000000003,0.048039697126438956,3.23375,3.3225,3.31,,,,,,2.9576458749943413,0.07962060829792132,2.9394441249314696,2.8887021250557154,3.044791374995839
class,cicids2018_distrinet,cnn-s42,prim_pgd_p75_targeted,Prim-PGD targeted→Benign,targeted,p75,DDoS,800,0,0.0,0.0,0.0,0.0,0.0,0.0,0.0,0.0,0.0,0.0,0.0,0.0,0.0,0.0,0.0,1.0,0.0,1.0,1.0,1.0,0.0,0.0,0.0,0.0,0.0,0.0,0.0,0.0,0.0,0.0,240.085,0.0,240.085,240.085,240.085,546.0707669752636,9.191691274260553,546.8186576170165,536.5279785882037,554.8656647205707,545.6461948909918,9.188068456551827,546.3064817281086,536.1457942278502,554.4863087170165,0.013965106895636431,0.0003422975931851662,0.014292820417576527,0.013609885226823876,0.013992615042508896,9.9925,0.009437293044087854,9.99125,10.0025,9.98375,,,,,,2.963937958314394,0.06331082541672288,2.9017034999560565,2.9618375000427477,3.0282728749443777
class,cicids2018_distrinet,cnn-s42,prim_pgd_p75_targeted,Prim-PGD targeted→Benign,targeted,p75,Recon,800,0,0.0,0.0,0.0,0.0,0.0,0.0,0.0,0.0,0.0,0.0,0.0,0.0,0.0,0.0,0.0,0.9958333333333332,0.0007216878364870169,0.995,0.99625,0.99625,0.0,0.0,0.0,0.0,0.0,0.0,0.0,0.0,0.0,0.0,31.554999999999996,4.351167857633658e-15,31.555,31.555,31.555,590.408701968858,6.9362016211136694,598.3748976077216,585.7074898052899,587.1437184935628,590.0949816051184,6.935050422811767,598.0598785308961,585.3947329693088,586.8303333151504,0.007672518422885085,0.00016243878852812077,0.007856561694917438,0.007549153278239486,0.0076118402954983315,1.2479166666666666,0.0019094065395648925,1.25,1.24625,1.2475,,,,,,2.7610478750042,0.08246449389945765,2.834623124799691,2.7766091251396574,2.6719113750732504
class,cicids2018_distrinet,cnn-s42,prim_pgd_p75_targeted,Prim-PGD targeted→Benign,targeted,p75,BruteForce,800,0,0.0,0.0,0.0,0.0,0.0,0.0,0.0,0.0,0.0,0.0,0.0,0.0,0.0,0.0,0.0,1.0,0.0,1.0,1.0,1.0,0.0,0.0,0.0,0.0,0.0,0.0,0.0,0.0,0.0,0.0,253.0,0.0,253.0,253.0,253.0,1.7830594641034265,0.04075229957615034,1.7430840189988672,1.7815478201007684,1.824546553210644,1.7621114784399292,0.041120284027280234,1.7217413932615855,1.7606500449763072,1.8039429970818943,0.00039362732765189554,1.2887990646096882e-06,0.0003931998334917714,0.00039260659525208215,0.0003950755542118331,11.316666666666665,0.01880547349399444,11.33625,11.315,11.29875,,,,,,3.0216116248629987,0.12111205689548926,3.0767696248949505,2.8827387499040924,3.1053264997899532
class,cicids2018_distrinet,ft_transformer-s42,prim_pgd_p75_targeted,Prim-PGD targeted→Benign,targeted,p75,DoS,800,0,0.0,0.0,0.0,0.0,0.0,0.0,0.0,0.0,0.0,0.0,0.0,0.0,0.0,0.0,0.0,1.0,0.0,1.0,1.0,1.0,0.0,0.0,0.0,0.0,0.0,0.0,0.0,0.0,0.0,0.0,235.045,0.0,235.045,235.045,235.045,6.1998526961179055,0.009936906671116552,6.209605520196693,6.2002111604912535,6.189741407665773,6.036473958317084,0.010233529126043698,6.047419935661573,6.034856394829441,6.02714554446024,0.0011127709321802313,5.532020462278834e-06,0.001111925179265459,0.0011186771266933604,0.0011077104905818744,10.465416666666668,0.04375595197608288,10.46625,10.50875,10.42125,,,,,,16.077600875093292,0.18323099521739672,15.982265875209123,15.961692625132855,16.288844124937896
class,cicids2018_distrinet,ft_transformer-s42,prim_pgd_p75_targeted,Prim-PGD targeted→Benign,targeted,p75,DDoS,800,0,0.0,0.0,0.0,0.0,0.0,0.0,0.0,0.0,0.0,0.0,0.0,0.0,0.0,0.0,0.0,1.0,0.0,1.0,1.0,1.0,0.0,0.0,0.0,0.0,0.0,0.0,0.0,0.0,0.0,0.0,240.085,0.0,240.085,240.085,240.085,247.0299686597414,3.3580284399524083,244.65003487273796,250.8710280413768,245.56884306510946,245.45252301893905,3.4607683780421707,243.20743387856427,249.4380378701956,243.71209730805734,0.010440977832063374,0.000695702871536882,0.010022977337609184,0.010055874405306118,0.011244081753274819,8.664583333333335,0.03571443452349998,8.6675,8.6275,8.69875,,,,,,16.50982441661957,0.14161236818087586,16.656302249757573,16.3736391250859,16.499531875015236
class,cicids2018_distrinet,ft_transformer-s42,prim_pgd_p75_targeted,Prim-PGD targeted→Benign,targeted,p75,Recon,800,0,0.0,0.0,0.0,0.0,0.0,0.0,0.0,0.0,0.0,0.0,0.0,0.0,0.0,0.0,0.0,0.9975,0.0,0.9975,0.9975,0.9975,0.0,0.0,0.0,0.0,0.0,0.0,0.0,0.0,0.0,0.0,31.554999999999996,4.351167857633658e-15,31.555,31.555,31.555,729.5941852907639,0.013087032952416805,729.5992663358494,729.6039698510656,729.5793196853764,729.5250112016661,0.013240669810766324,729.5302100905551,729.5348634238883,729.509960090555,0.009831701470705894,7.15744356485357e-08,0.009831663897598894,0.009831784007522618,0.009831656506996168,1.1575,0.0,1.1575,1.1575,1.1575,,,,,,3.7648996668091663,0.02375569798853576,3.7750413751928136,3.7819012501859106,3.7377563750487752
class,cicids2018_distrinet,ft_transformer-s42,prim_pgd_p75_targeted,Prim-PGD targeted→Benign,targeted,p75,BruteForce,800,0,0.0,0.0,0.0,0.0,0.0,0.0,0.0,0.0,0.0,0.0,0.0,0.0,0.0,0.0,0.0,1.0,0.0,1.0,1.0,1.0,0.0,0.0,0.0,0.0,0.0,0.0,0.0,0.0,0.0,0.0,253.0,0.0,253.0,253.0,253.0,2.027044220238917,0.02026305909267695,2.042786355423554,2.0341641649094435,2.004182140383753,2.004732706944556,0.020327554639809436,2.0207018621663586,2.0116460835140417,1.9818501751532673,0.00039669721575758254,2.2902513870370626e-06,0.0003960841020394567,0.0003992316236198119,0.00039477592161347904,11.190833333333332,0.035714434523499636,11.21625,11.20625,11.15,,,,,,17.220747041768238,0.22935432000398226,17.062658749928232,17.483800625195727,17.11578175018076
class,cicids2017_distrinet,mlp,prim_pgd_p75_untargeted,Prim-PGD untargeted,untargeted,p75,DoS,800,0,0.05125,0.0,0.05125,0.05125,0.05125,0.05125,0.0,0.05125,0.05125,0.05125,0.0,0.0,0.0,0.0,0.0,1.0,0.0,1.0,1.0,1.0,0.05125,0.0,0.05125,0.05125,0.05125,0.05125,0.0,0.05125,0.05125,0.05125,248.59,0.0,248.59,248.59,248.59,2035.2131752624946,1.8299781090476706,2034.096883682291,2034.2175386641748,2037.3251034410177,2034.9469333403997,1.830060929470994,2033.8303611936828,2033.9514906773122,2037.0589481502043,0.0123754581979268,1.656872351671189e-05,0.012390935319579266,0.012357979686998574,0.012377459587202561,10.869166666666667,0.0019094065395649411,10.8675,10.86875,10.87125,0.7296095887819926,0.025771306151180236,0.7469953298568726,0.7418323159217834,0.7000011205673218,7.22666316665709,0.17438600405586055,7.079049999883864,7.181860124983359,7.419079375104047
class,cicids2017_distrinet,mlp,prim_pgd_p75_untargeted,Prim-PGD untargeted,untargeted,p75,DDoS,800,0,0.1075,0.0,0.1075,0.1075,0.1075,0.1075,0.0,0.1075,0.1075,0.1075,0.0,0.0,0.0,0.0,0.0,1.0,0.0,1.0,1.0,1.0,0.1075,0.0,0.1075,0.1075,0.1075,0.1075,0.0,0.1075,0.1075,0.1075,242.92,0.0,242.92,242.92,242.92,7840.467992330442,0.9232257683671414,7839.814976344796,7840.064758306354,7841.524242340176,7840.467880434782,0.9232258037864781,7839.814864130434,7840.064646739131,7841.524130434783,0.03722011142760762,3.6293888462026503e-05,0.0372450905607917,0.03717847947746991,0.03723676424456126,10.63625,0.003750000000000142,10.6325,10.63625,10.64,0.609736313422521,0.026290995736573747,0.593822181224823,0.5953042805194855,0.6400824785232544,7.25207495832971,0.07309442992190592,7.259767749928869,7.1754383749794215,7.321018750080839
class,cicids2017_distrinet,mlp,prim_pgd_p75_untargeted,Prim-PGD untargeted,untargeted,p75,Recon,800,0,0.0,0.0,0.0,0.0,0.0,0.0,0.0,0.0,0.0,0.0,0.0,0.0,0.0,0.0,0.0,1.0,0.0,1.0,1.0,1.0,0.0,0.0,0.0,0.0,0.0,0.0,0.0,0.0,0.0,0.0,3.8349999999999995,5.438959822042073e-16,3.835,3.835,3.835,0.16255282164786586,0.0027731106897725157,0.16415387785109864,0.15935070924140027,0.16415387785109864,0.1609455168244218,0.0028394428235811154,0.1625848699029649,0.15766681066733557,0.1625848699029649,2.410998420716944e-05,5.914344672238782e-12,2.410998079252095e-05,2.4109991036466415e-05,2.410998079252095e-05,0.10416666666666667,0.0007216878364870329,0.10375,0.105,0.10375,,,,,,6.5278321666604215,0.1116541090816809,6.496657500101719,6.435078624926973,6.651760374952573
class,cicids2017_distrinet,mlp,prim_pgd_p75_untargeted,Prim-PGD untargeted,untargeted,p75,BruteForce,800,0,0.005,0.0,0.005,0.005,0.005,0.005,0.0,0.005,0.005,0.005,0.0,0.0,0.0,0.0,0.0,1.0,0.0,1.0,1.0,1.0,0.005,0.0,0.005,0.005,0.005,0.005,0.0,0.005,0.005,0.005,253.0,0.0,253.0,253.0,253.0,3795.764587228017,0.44690819222503025,3796.279253390851,3795.5399036167796,3795.47460467642,3795.7644474637686,0.44692270864277883,3796.279130434783,3795.539755434783,3795.474456521739,0.033980164562471285,2.2980741387035986e-06,0.03397761126245556,0.033982067023168784,0.0339808154017895,10.904583333333335,0.008322910148099409,10.895,10.90875,10.91,0.35442593693733215,0.03563496120871094,0.3132782280445099,0.3749997913837433,0.3749997913837433,7.266735958401114,0.03382426803350072,7.230725749977864,7.2978380002314225,7.271644124994054
class,cicids2017_distrinet,cnn,prim_pgd_p75_untargeted,Prim-PGD untargeted,untargeted,p75,DoS,800,0,0.205,0.0,0.205,0.205,0.205,0.205,0.0,0.205,0.205,0.205,0.0,0.0,0.0,0.0,0.0,1.0,0.0,1.0,1.0,1.0,0.205,0.0,0.205,0.205,0.205,0.205,0.0,0.205,0.205,0.205,248.905,0.0,248.905,248.905,248.905,2094.4911975633804,13.352281109956264,2079.436976693477,2099.1353865045317,2104.9012294921326,2094.2297888447033,13.352530194738586,2079.1740927214273,2098.8793434390095,2104.635930373673,0.011118451760673935,6.6582045383518865e-06,0.011123509965931023,0.011120936898502071,0.011110908417588711,10.93875,0.007603453162873014,10.9425,10.93,10.94375,0.6908121705055237,0.02202219926007963,0.6656838357448578,0.7067530751228333,0.69999960064888,7.560477708369338,0.12271433457642093,7.524390250036959,7.6971893751760945,7.459853499894962
class,cicids2017_distrinet,cnn,prim_pgd_p75_untargeted,Prim-PGD untargeted,untargeted,p75,DDoS,800,0,0.32125,0.0,0.32125,0.32125,0.32125,0.32125,0.0,0.32125,0.32125,0.32125,0.0,0.0,0.0,0.0,0.0,1.0,0.0,1.0,1.0,1.0,0.3133333333333333,0.0007216878364870169,0.31375,0.31375,0.3125,0.3133333333333333,0.0007216878364870169,0.31375,0.31375,0.3125,242.92,0.0,242.92,242.92,242.92,6568.617100492974,39.85523856831982,6522.615497174206,6590.46490153883,6592.770902765883,6568.6169836956515,39.855238579064356,6522.615380434782,6590.464782608695,6592.770788043478,0.03281785913254556,0.00023739842470837542,0.032565391369666505,0.03303657562631925,0.032851610401650945,10.777083333333332,0.004389855730354856,10.7775,10.78125,10.7725,0.6099789341290792,0.023578163140874506,0.5941922068595886,0.637082040309906,0.5986625552177429,7.4457665416412055,0.06088068830902327,7.375593375181779,7.4772126247989945,7.484493624942843
class,cicids2017_distrinet,cnn,prim_pgd_p75_untargeted,Prim-PGD untargeted,untargeted,p75,Recon,800,0,0.00375,0.0,0.00375,0.00375,0.00375,0.00375,0.0,0.00375,0.00375,0.00375,0.0,0.0,0.0,0.0,0.0,1.0,0.0,1.0,1.0,1.0,0.00125,0.0,0.00125,0.00125,0.00125,0.00125,0.0,0.00125,0.00125,0.00125,3.52,0.0,3.52,3.52,3.52,0.10371752254616155,0.002207274464522814,0.10355562267806075,0.10159565567297033,0.10600128928745357,0.10335411177039422,0.0022077912742037085,0.10319258028148116,0.10123152257430731,0.1056382324553942,1.2414464628103378e-05,1.4616625368462658e-08,1.239759487621642e-05,1.2422447463543792e-05,1.2423351544549916e-05,0.10833333333333334,0.0007216878364870328,0.1075,0.10875,0.10875,0.24988923966884613,0.0,0.24988923966884613,0.24988923966884613,0.24988923966884613,6.2957429166029515,0.10901112455482359,6.389689749921672,6.321322374860756,6.176216625026427
class,cicids2017_distrinet,cnn,prim_pgd_p75_untargeted,Prim-PGD untargeted,untargeted,p75,BruteForce,800,0,0.00875,0.0,0.00875,0.00875,0.00875,0.00875,0.0,0.00875,0.00875,0.00875,0.0,0.0,0.0,0.0,0.0,1.0,0.0,1.0,1.0,1.0,0.00875,0.0,0.00875,0.00875,0.00875,0.00875,0.0,0.00875,0.00875,0.00875,253.0,0.0,253.0,253.0,253.0,3807.6244242694124,0.9377122682876508,3808.706998236511,3807.0649850844,3807.101289487327,3807.624266304347,0.9376952801501013,3808.706820652174,3807.0648369565215,3807.101141304348,0.034138632453268265,7.725257692674614e-06,0.03414752475973257,0.03413357411482965,0.0341347984852426,10.97125,0.00866025403784369,10.98125,10.96625,10.96625,0.4469573199748993,0.06865215867083142,0.4068068861961365,0.40783730149269104,0.5262277722358704,7.589767458460604,0.07058253278018818,7.661604125169106,7.520509750174824,7.5871885000378825
class,cicids2017_distrinet,ft_transformer,prim_pgd_p75_untargeted,Prim-PGD untargeted,untargeted,p75,DoS,800,0,0.00125,0.0,0.00125,0.00125,0.00125,0.00125,0.0,0.00125,0.00125,0.00125,0.0,0.0,0.0,0.0,0.0,1.0,0.0,1.0,1.0,1.0,0.00125,0.0,0.00125,0.00125,0.00125,0.00125,0.0,0.00125,0.00125,0.00125,248.905,0.0,248.905,248.905,248.905,2159.7563313779515,1.617584845124437,2157.919138726859,2160.966686342196,2160.3831690647985,2159.617980305368,1.6241404653857774,2157.7751691637245,2160.8408283640365,2160.2379433883434,0.01113372041883269,7.301600502203817e-06,0.011137021922866374,0.011125351153347049,0.011138788180284652,10.6625,0.01536025715930576,10.66875,10.645,10.67375,0.14959525068600973,0.0007074832824887167,0.15000371634960175,0.14877831935882568,0.15000371634960175,19.204528166737873,0.09913234288926044,19.318894875177648,19.143171875039116,19.151517749996856
class,cicids2017_distrinet,ft_transformer,prim_pgd_p75_untargeted,Prim-PGD untargeted,untargeted,p75,DDoS,800,0,0.0,0.0,0.0,0.0,0.0,0.0,0.0,0.0,0.0,0.0,0.0,0.0,0.0,0.0,0.0,1.0,0.0,1.0,1.0,1.0,0.0,0.0,0.0,0.0,0.0,0.0,0.0,0.0,0.0,0.0,242.92,0.0,242.92,242.92,242.92,4121.054331874063,9.116576801597075,4117.242769567462,4131.458110860182,4114.462115194545,4120.986710639444,9.112773243589833,4117.169972426463,4131.387253687233,4114.402905804637,0.023822885608194084,0.0005040572245984208,0.024130682908654087,0.024096794510541187,0.023241179405386975,6.9174999999999995,0.11289513939935598,7.00875,6.9525,6.79125,,,,,,16.291371166686684,0.29771301423566404,16.39282437507063,16.525097500125412,15.956191624864005
class,cicids2017_distrinet,ft_transformer,prim_pgd_p75_untargeted,Prim-PGD untargeted,untargeted,p75,Recon,800,0,0.0,0.0,0.0,0.0,0.0,0.0,0.0,0.0,0.0,0.0,0.0,0.0,0.0,0.0,0.0,1.0,0.0,1.0,1.0,1.0,0.0,0.0,0.0,0.0,0.0,0.0,0.0,0.0,0.0,0.0,3.8349999999999995,5.438959822042073e-16,3.835,3.835,3.835,0.37227906111680426,0.0,0.37227906111680426,0.37227906111680426,0.37227906111680426,0.3720142177290519,6.798699777552591e-17,0.37201421772905185,0.37201421772905185,0.37201421772905185,2.511615886658884e-05,4.1495970321976264e-21,2.5116158866588844e-05,2.5116158866588844e-05,2.5116158866588844e-05,0.12,0.0,0.12,0.12,0.12,,,,,,3.1580360832352503,0.06746344984663347,3.234902374970261,3.130557249824051,3.1086486249114387
class,cicids2017_distrinet,ft_transformer,prim_pgd_p75_untargeted,Prim-PGD untargeted,untargeted,p75,BruteForce,800,0,0.00375,0.0,0.00375,0.00375,0.00375,0.00375,0.0,0.00375,0.00375,0.00375,0.0,0.0,0.0,0.0,0.0,1.0,0.0,1.0,1.0,1.0,0.00375,0.0,0.00375,0.00375,0.00375,0.00375,0.0,0.00375,0.00375,0.00375,253.0,0.0,253.0,253.0,253.0,3781.5006424033613,0.040520647030704904,3781.5427704865597,3781.4972090534766,3781.461947670048,3781.5002264492755,0.04053038397850079,3781.5423641304346,3781.496793478261,3781.46152173913,0.03379700644078449,2.636033347982028e-07,0.033797281995239035,0.03379698064134544,0.03379675668576901,10.964166666666666,0.0007216878364874014,10.965,10.96375,10.96375,0.28165678183237713,0.027529765316264214,0.2948939800262451,0.25000879168510437,0.30006757378578186,16.731016000073094,0.12843752023502877,16.596462875022553,16.74427600024501,16.852309124951717
class,cicids2018_distrinet,mlp-s42,prim_pgd_p75_untargeted,Prim-PGD untargeted,untargeted,p75,DoS,800,0,0.0,0.0,0.0,0.0,0.0,0.0,0.0,0.0,0.0,0.0,0.0,0.0,0.0,0.0,0.0,1.0,0.0,1.0,1.0,1.0,0.0,0.0,0.0,0.0,0.0,0.0,0.0,0.0,0.0,0.0,235.045,0.0,235.045,235.045,235.045,1.2333614252048861,0.012282932302054425,1.2318058912814447,1.221930356775931,1.2463480275572827,1.1633567464606946,0.01205454486367813,1.162082472585211,1.1519899581471646,1.1759978086497085,0.0003194839644864803,5.0679695075564905e-06,0.00031697081280525065,0.0003161637110316251,0.000325317369622565,2.825833333333333,0.06638351326446455,2.8,2.77625,2.90125,,,,,,2.8664205000192546,0.29824395901791545,3.2010997500037774,2.6287828749627806,2.7693788750912063
class,cicids2018_distrinet,mlp-s42,prim_pgd_p75_untargeted,Prim-PGD untargeted,untargeted,p75,DDoS,800,0,0.075,0.0,0.075,0.075,0.075,0.075,0.0,0.075,0.075,0.075,0.0,0.0,0.0,0.0,0.0,1.0,0.0,1.0,1.0,1.0,0.005,0.0,0.005,0.005,0.005,0.005,0.0,0.005,0.005,0.005,240.085,0.0,240.085,240.085,240.085,1158.3922289900054,0.5401671125291951,1158.1458990693259,1158.0191362681962,1159.0116516324938,1158.102108728909,0.5380683636834056,1157.8516608654704,1157.7349156983173,1158.7197496229387,0.02710787827544416,2.770710208057807e-05,0.02712667893593122,0.02707605954026983,0.027120896350131426,10.565833333333332,0.051604465246074954,10.595,10.50625,10.59625,0.6710342466831207,0.017493149793203735,0.6569755375385284,0.6906244456768036,0.6655027568340302,3.21096824996251,0.0994800458187478,3.2345473748864606,3.101817000133451,3.296540374867618
class,cicids2018_distrinet,mlp-s42,prim_pgd_p75_untargeted,Prim-PGD untargeted,untargeted,p75,Recon,800,0,0.02625,0.0,0.02625,0.02625,0.02625,0.02625,0.0,0.02625,0.02625,0.02625,0.0,0.0,0.0,0.0,0.0,1.0,0.0,1.0,1.0,1.0,0.02625,0.0,0.02625,0.02625,0.02625,0.02625,0.0,0.02625,0.02625,0.02625,31.554999999999996,4.351167857633658e-15,31.555,31.555,31.555,252.31414511761287,17.338268344894967,263.7856639963287,232.36857427341792,260.788197083092,252.2565513933848,17.337786518776504,263.7283177051077,232.31159456477525,260.7297419102714,0.0050016192876551355,0.000150716246723791,0.005059910628646889,0.004830463136206112,0.005114484098112404,1.0191666666666668,0.01312995938049055,1.01875,1.00625,1.0325,0.42157208919525146,0.0310091450238147,0.4262116849422455,0.3885045647621155,0.45000001788139343,2.782380499993451,0.012276498178123057,2.787140749860555,2.76843675004784,2.7915640000719577
class,cicids2018_distrinet,mlp-s42,prim_pgd_p75_untargeted,Prim-PGD untargeted,untargeted,p75,BruteForce,800,0,0.0,0.0,0.0,0.0,0.0,0.0,0.0,0.0,0.0,0.0,0.0,0.0,0.0,0.0,0.0,1.0,0.0,1.0,1.0,1.0,0.0,0.0,0.0,0.0,0.0,0.0,0.0,0.0,0.0,0.0,253.0,0.0,253.0,253.0,253.0,0.2434044057292205,4.382309152896461e-06,0.2433995808527965,0.24340813917429524,0.24340549716056978,0.1936367908011115,2.533436311812702e-06,0.1936339435286925,0.19363879588325575,0.19363763299138625,0.0004253902237202495,5.511831346024907e-09,0.0004253840331913491,0.0004253945989451432,0.0004253920390242562,11.99375,0.0,11.99375,11.99375,11.99375,,,,,,3.0045189166169926,0.06487037831892153,2.981897999998182,3.0776709999190643,2.953987749933731
class,cicids2018_distrinet,cnn-s42,prim_pgd_p75_untargeted,Prim-PGD untargeted,untargeted,p75,DoS,800,0,0.0,0.0,0.0,0.0,0.0,0.0,0.0,0.0,0.0,0.0,0.0,0.0,0.0,0.0,0.0,1.0,0.0,1.0,1.0,1.0,0.0,0.0,0.0,0.0,0.0,0.0,0.0,0.0,0.0,0.0,234.73,0.0,234.73,234.73,234.73,0.43687351064939023,0.013481261054395236,0.4437532115882498,0.42134041058108734,0.4455269097788336,0.40161769519295,0.01179865483263335,0.4076795632071339,0.3880203723517491,0.40915315001996705,0.00017738688586704237,6.980114230398356e-06,0.000181409188151291,0.0001693269490682754,0.0001814245203815607,3.2887500000000003,0.048039697126438956,3.23375,3.3225,3.31,,,,,,2.907184500072617,0.24177326164110088,3.1724298748304136,2.6991431252099574,2.8499805001774803
class,cicids2018_distrinet,cnn-s42,prim_pgd_p75_untargeted,Prim-PGD untargeted,untargeted,p75,DDoS,800,0,0.04624999999999999,8.498374721940739e-18,0.04625,0.04625,0.04625,0.04624999999999999,8.498374721940739e-18,0.04625,0.04625,0.04625,0.0,0.0,0.0,0.0,0.0,1.0,0.0,1.0,1.0,1.0,0.0,0.0,0.0,0.0,0.0,0.0,0.0,0.0,0.0,0.0,240.085,0.0,240.085,240.085,240.085,531.7931161462648,9.163320226443759,532.0368009547931,522.5103840003912,540.8321634836099,531.3151999904172,9.162371295724725,531.4702170881505,522.0763037172329,540.3990791658682,0.0138846224136088,0.000340318640311257,0.014204765759839408,0.013527198377088583,0.013921903103898405,10.449583333333335,0.00563656219102881,10.45,10.455,10.44375,0.8478819529215494,0.034794604448529144,0.8690468072891235,0.8077241778373718,0.8668748736381531,2.8575212082553967,0.1046236641248676,2.977552749798633,2.809355875069741,2.7856549998978153
class,cicids2018_distrinet,cnn-s42,prim_pgd_p75_untargeted,Prim-PGD untargeted,untargeted,p75,Recon,800,0,0.0,0.0,0.0,0.0,0.0,0.0,0.0,0.0,0.0,0.0,0.0,0.0,0.0,0.0,0.0,0.9958333333333332,0.0007216878364870169,0.995,0.99625,0.99625,0.0,0.0,0.0,0.0,0.0,0.0,0.0,0.0,0.0,0.0,31.554999999999996,4.351167857633658e-15,31.555,31.555,31.555,590.408701968858,6.9362016211136694,598.3748976077216,585.7074898052899,587.1437184935628,590.0949816051184,6.935050422811767,598.0598785308961,585.3947329693088,586.8303333151504,0.007672518422885085,0.00016243878852812077,0.007856561694917438,0.007549153278239486,0.0076118402954983315,1.2479166666666666,0.0019094065395648925,1.25,1.24625,1.2475,,,,,,2.6319461667056507,0.09480507536417983,2.5356586251291446,2.6349841250339523,2.725195749953855
class,cicids2018_distrinet,cnn-s42,prim_pgd_p75_untargeted,Prim-PGD untargeted,untargeted,p75,BruteForce,800,0,0.0,0.0,0.0,0.0,0.0,0.0,0.0,0.0,0.0,0.0,0.0,0.0,0.0,0.0,0.0,1.0,0.0,1.0,1.0,1.0,0.0,0.0,0.0,0.0,0.0,0.0,0.0,0.0,0.0,0.0,253.0,0.0,253.0,253.0,253.0,1.7830594641034265,0.04075229957615034,1.7430840189988672,1.7815478201007684,1.824546553210644,1.7621114784399292,0.041120284027280234,1.7217413932615855,1.7606500449763072,1.8039429970818943,0.00039362732765189554,1.2887990646096882e-06,0.0003931998334917714,0.00039260659525208215,0.0003950755542118331,11.316666666666665,0.01880547349399444,11.33625,11.315,11.29875,,,,,,2.9324479166340702,0.10090933384089183,3.031129624869209,2.8294495001318865,2.936764624901116
class,cicids2018_distrinet,ft_transformer-s42,prim_pgd_p75_untargeted,Prim-PGD untargeted,untargeted,p75,DoS,800,0,0.0,0.0,0.0,0.0,0.0,0.0,0.0,0.0,0.0,0.0,0.0,0.0,0.0,0.0,0.0,1.0,0.0,1.0,1.0,1.0,0.0,0.0,0.0,0.0,0.0,0.0,0.0,0.0,0.0,0.0,235.045,0.0,235.045,235.045,235.045,6.1998526961179055,0.009936906671116552,6.209605520196693,6.2002111604912535,6.189741407665773,6.036473958317084,0.010233529126043698,6.047419935661573,6.034856394829441,6.02714554446024,0.0011127709321802313,5.532020462278834e-06,0.001111925179265459,0.0011186771266933604,0.0011077104905818744,10.465416666666668,0.04375595197608288,10.46625,10.50875,10.42125,,,,,,15.854694083294211,0.08005296364446293,15.861758000100963,15.93098099983763,15.771343249944039
class,cicids2018_distrinet,ft_transformer-s42,prim_pgd_p75_untargeted,Prim-PGD untargeted,untargeted,p75,DDoS,800,0,0.0,0.0,0.0,0.0,0.0,0.0,0.0,0.0,0.0,0.0,0.0,0.0,0.0,0.0,0.0,1.0,0.0,1.0,1.0,1.0,0.0,0.0,0.0,0.0,0.0,0.0,0.0,0.0,0.0,0.0,240.085,0.0,240.085,240.085,240.085,246.34308141852452,3.367384810847231,243.92243135352993,250.1886712216769,244.9181416803667,244.76583968560575,3.467692969989949,242.48004054523096,248.75588453686225,243.06159397472402,0.010418541574269628,0.0006965447644787863,0.00999950473693903,0.010033517559089551,0.011222602426780305,8.600416666666666,0.03761094698798972,8.60375,8.56125,8.63625,,,,,,15.885882458436148,0.3052099419153877,16.23023225023644,15.778673125023488,15.648742000048514
class,cicids2018_distrinet,ft_transformer-s42,prim_pgd_p75_untargeted,Prim-PGD untargeted,untargeted,p75,Recon,800,0,0.0,0.0,0.0,0.0,0.0,0.0,0.0,0.0,0.0,0.0,0.0,0.0,0.0,0.0,0.0,0.9975,0.0,0.9975,0.9975,0.9975,0.0,0.0,0.0,0.0,0.0,0.0,0.0,0.0,0.0,0.0,31.554999999999996,4.351167857633658e-15,31.555,31.555,31.555,733.581579108245,0.012621097810386693,733.5867940416949,733.5907570334005,733.5671862496397,733.5132412016661,0.01276829246976633,733.518600090555,733.5224567572217,733.4986667572216,0.009826687491510444,7.403463697130949e-08,0.009826647990500044,0.009826772899308495,0.009826641584722793,1.15625,0.0,1.15625,1.15625,1.15625,,,,,,3.599657083298856,0.03365436582492856,3.6283858749084175,3.6079556250479072,3.5626297499402426
class,cicids2018_distrinet,ft_transformer-s42,prim_pgd_p75_untargeted,Prim-PGD untargeted,untargeted,p75,BruteForce,800,0,0.0,0.0,0.0,0.0,0.0,0.0,0.0,0.0,0.0,0.0,0.0,0.0,0.0,0.0,0.0,1.0,0.0,1.0,1.0,1.0,0.0,0.0,0.0,0.0,0.0,0.0,0.0,0.0,0.0,0.0,253.0,0.0,253.0,253.0,253.0,3.419466552314961,0.0026737696604952174,3.4213074069505485,3.416399619731541,3.420692630262794,3.412024444444444,0.0026658109738218858,3.41386,3.4089666666666663,3.4132466666666663,0.00041719577797005907,3.8618169429681785e-07,0.00041745684942505175,0.00041675216466024334,0.00041737831982488217,10.96875,0.008660254037844714,10.97375,10.95875,10.97375,,,,,,16.820045958350722,0.14830877874661472,16.649571000016294,16.91939762502443,16.891169250011444
