dataset,victim,budget,arm,asr_at_1,asr_at_2,asr_at_4,asr_at_8,asr_at_16,asr_at_32,asr_at_64,asr_at_128,asr_at_256,asr_at_512,asr_at_1024,final_asr
cicids2017_distrinet,cnn,p75,reference,0.0,0.0,0.0003125,0.005,0.0228125,0.045000000000000005,0.045000000000000005,0.13447916666666668,0.1346875,0.1346875,0.1346875,0.1346875
cicids2017_distrinet,cnn,p75,steps40_eval1024,0.0,0.0,0.0003125,0.005,0.0228125,0.045000000000000005,0.045000000000000005,0.13447916666666668,0.1346875,0.1346875,0.1346875,0.1346875
cicids2017_distrinet,cnn,p75,steps160_eval1024,0.0,0.0,0.0003125,0.005,0.0228125,0.045000000000000005,0.045000000000000005,0.045000000000000005,0.045000000000000005,0.13447916666666668,0.1346875,0.1346875
cicids2017_distrinet,cnn,unb,reference,0.0,0.0,0.03,0.1321875,0.318125,0.3428125,0.3428125,0.5992708333333333,0.599375,0.599375,0.599375,0.599375
cicids2017_distrinet,cnn,unb,steps40_eval1024,0.0,0.0,0.03,0.1321875,0.318125,0.3428125,0.3428125,0.5992708333333333,0.599375,0.599375,0.599375,0.599375
cicids2017_distrinet,cnn,unb,steps160_eval1024,0.0,0.0,0.03,0.1321875,0.318125,0.3428125,0.3428125,0.3428125,0.3428125,0.5992708333333333,0.599375,0.599375
cicids2017_distrinet,ft_transformer,p75,reference,0.0,0.0,0.0,0.0009375,0.00125,0.00125,0.00125,0.00125,0.00125,0.00125,0.00125,0.00125
cicids2017_distrinet,ft_transformer,p75,steps40_eval1024,0.0,0.0,0.0,0.0009375,0.00125,0.00125,0.00125,0.00125,0.00125,0.00125,0.00125,0.00125
cicids2017_distrinet,ft_transformer,p75,steps160_eval1024,0.0,0.0,0.0,0.0009375,0.00125,0.00125,0.00125,0.00125,0.00125,0.00125,0.00125,0.00125
cicids2017_distrinet,ft_transformer,unb,reference,0.0,0.0,0.0025,0.0028125000000000003,0.0040625,0.004375,0.005,0.0053125,0.005520833333333333,0.005520833333333333,0.005520833333333333,0.005520833333333333
cicids2017_distrinet,ft_transformer,unb,steps40_eval1024,0.0,0.0,0.0025,0.0028125000000000003,0.0040625,0.004375,0.005,0.0053125,0.005520833333333333,0.005729166666666667,0.005833333333333334,0.005833333333333334
cicids2017_distrinet,ft_transformer,unb,steps160_eval1024,0.0,0.0,0.0025,0.0028125000000000003,0.0040625,0.004375,0.004375,0.004375,0.005,0.0053125,0.005520833333333333,0.005520833333333333
cicids2017_distrinet,mlp,p75,reference,0.0,0.0,0.0,0.0009375,0.02,0.0409375,0.0409375,0.0409375,0.0409375,0.0409375,0.0409375,0.0409375
cicids2017_distrinet,mlp,p75,steps40_eval1024,0.0,0.0,0.0,0.0009375,0.02,0.0409375,0.0409375,0.0409375,0.0409375,0.0409375,0.0409375,0.0409375
cicids2017_distrinet,mlp,p75,steps160_eval1024,0.0,0.0,0.0,0.0009375,0.02,0.0409375,0.0409375,0.0409375,0.0409375,0.0409375,0.0409375,0.0409375
cicids2017_distrinet,mlp,unb,reference,0.0,0.0,0.019375,0.09218750000000002,0.1909375,0.229375,0.229375,0.22968749999999996,0.22968749999999996,0.22968749999999996,0.22968749999999996,0.22968749999999996
cicids2017_distrinet,mlp,unb,steps40_eval1024,0.0,0.0,0.019375,0.09218750000000002,0.1909375,0.229375,0.229375,0.22968749999999996,0.22968749999999996,0.22968749999999996,0.22968749999999996,0.22968749999999996
cicids2017_distrinet,mlp,unb,steps160_eval1024,0.0,0.0,0.019375,0.09218750000000002,0.1909375,0.229375,0.229375,0.229375,0.229375,0.22968749999999996,0.22968749999999996,0.22968749999999996
cicids2018_distrinet,cnn-s42,p75,reference,0.0,0.0,0.0,0.0,0.000625,0.010625,0.010625,0.011562499999999998,0.011562499999999998,0.011562499999999998,0.011562499999999998,0.011562499999999998
cicids2018_distrinet,cnn-s42,p75,steps40_eval1024,0.0,0.0,0.0,0.0,0.000625,0.010625,0.010625,0.011562499999999998,0.011562499999999998,0.011562499999999998,0.011562499999999998,0.011562499999999998
cicids2018_distrinet,cnn-s42,p75,steps160_eval1024,0.0,0.0,0.0,0.0,0.000625,0.010625,0.010625,0.010625,0.010625,0.011562499999999998,0.011562499999999998,0.011562499999999998
cicids2018_distrinet,cnn-s42,unb,reference,0.0,0.0,0.0996875,0.2540625,0.2578125,0.25875,0.25875,0.26166666666666666,0.261875,0.261875,0.261875,0.261875
cicids2018_distrinet,cnn-s42,unb,steps40_eval1024,0.0,0.0,0.0996875,0.2540625,0.2577083333333334,0.2586458333333333,0.2586458333333333,0.2615625,0.2617708333333333,0.26197916666666665,0.26281249999999995,0.26281249999999995
cicids2018_distrinet,cnn-s42,unb,steps160_eval1024,0.0,0.0,0.0996875,0.2540625,0.2578125,0.25875,0.25875,0.25875,0.25875,0.26166666666666666,0.261875,0.261875
cicids2018_distrinet,ft_transformer-s42,p75,reference,0.0,0.0,0.0,0.0,0.0,0.0,0.0,0.0,0.0,0.0,0.0,0.0
cicids2018_distrinet,ft_transformer-s42,p75,steps40_eval1024,0.0,0.0,0.0,0.0,0.0,0.0,0.0,0.0,0.0,0.0,0.0,0.0
cicids2018_distrinet,ft_transformer-s42,p75,steps160_eval1024,0.0,0.0,0.0,0.0,0.0,0.0,0.0,0.0,0.0,0.0,0.0,0.0
cicids2018_distrinet,ft_transformer-s42,unb,reference,0.0,0.0,0.0009375,0.0009375,0.00125,0.00125,0.00125,0.00125,0.00125,0.00125,0.00125,0.00125
cicids2018_distrinet,ft_transformer-s42,unb,steps40_eval1024,0.0,0.0,0.0009375,0.0009375,0.00125,0.00125,0.00125,0.00125,0.00125,0.00125,0.00125,0.00125
cicids2018_distrinet,ft_transformer-s42,unb,steps160_eval1024,0.0,0.0,0.0009375,0.0009375,0.00125,0.00125,0.00125,0.00125,0.00125,0.00125,0.00125,0.00125
cicids2018_distrinet,mlp-s42,p75,reference,0.0,0.0,0.0003125,0.0021875,0.010937499999999998,0.0215625,0.0215625,0.0253125,0.0253125,0.0253125,0.0253125,0.0253125
cicids2018_distrinet,mlp-s42,p75,steps40_eval1024,0.0,0.0,0.0003125,0.0021875,0.010937499999999998,0.0215625,0.0215625,0.0253125,0.0253125,0.0253125,0.0253125,0.0253125
cicids2018_distrinet,mlp-s42,p75,steps160_eval1024,0.0,0.0,0.0003125,0.0021875,0.010937499999999998,0.0215625,0.0215625,0.0215625,0.0215625,0.0253125,0.0253125,0.0253125
cicids2018_distrinet,mlp-s42,unb,reference,0.0,0.0,0.1190625,0.2015625,0.36625,0.439375,0.439375,0.4434375,0.44364583333333335,0.44364583333333335,0.44364583333333335,0.44364583333333335
cicids2018_distrinet,mlp-s42,unb,steps40_eval1024,0.0,0.0,0.1190625,0.2015625,0.36625,0.439375,0.439375,0.4434375,0.44364583333333335,0.4437499999999999,0.4437499999999999,0.4437499999999999
cicids2018_distrinet,mlp-s42,unb,steps160_eval1024,0.0,0.0,0.1190625,0.2015625,0.36625,0.439375,0.439375,0.439375,0.439375,0.4434375,0.4437499999999999,0.4437499999999999
