dataset,victim,budget,condition,seeds,n_per_seed,valid_success_mean,valid_success_min,valid_success_max,delta_pp_vs_reference,raw_success_mean
cicids2017_distrinet,cnn,p75,reference,"42,2024,2026",3200,0.1346875,0.1346875,0.1346875,0.0,0.1346875
cicids2017_distrinet,cnn,p75,steps80_eval512,"42,2024,2026",3200,0.1346875,0.1346875,0.1346875,0.0,0.1346875
cicids2017_distrinet,cnn,p75,steps160_eval1024,"42,2024,2026",3200,0.1346875,0.1346875,0.1346875,0.0,0.1346875
cicids2017_distrinet,cnn,p75,steps40_eval512,"42,2024,2026",3200,0.1346875,0.1346875,0.1346875,0.0,0.1346875
cicids2017_distrinet,cnn,p75,steps40_eval1024,"42,2024,2026",3200,0.1346875,0.1346875,0.1346875,0.0,0.1346875
cicids2017_distrinet,cnn,unb,reference,"42,2024,2026",3200,0.599375,0.599375,0.599375,0.0,0.599375
cicids2017_distrinet,cnn,unb,steps80_eval512,"42,2024,2026",3200,0.599375,0.599375,0.599375,0.0,0.599375
cicids2017_distrinet,cnn,unb,steps160_eval1024,"42,2024,2026",3200,0.599375,0.599375,0.599375,0.0,0.599375
cicids2017_distrinet,cnn,unb,steps40_eval512,"42,2024,2026",3200,0.599375,0.599375,0.599375,0.0,0.599375
cicids2017_distrinet,cnn,unb,steps40_eval1024,"42,2024,2026",3200,0.599375,0.599375,0.599375,0.0,0.599375
cicids2017_distrinet,ft_transformer,p75,reference,"42,2024,2026",3200,0.00125,0.00125,0.00125,0.0,0.00125
cicids2017_distrinet,ft_transformer,p75,steps80_eval512,"42,2024,2026",3200,0.00125,0.00125,0.00125,0.0,0.00125
cicids2017_distrinet,ft_transformer,p75,steps160_eval1024,"42,2024,2026",3200,0.00125,0.00125,0.00125,0.0,0.00125
cicids2017_distrinet,ft_transformer,p75,steps40_eval512,"42,2024,2026",3200,0.00125,0.00125,0.00125,0.0,0.00125
cicids2017_distrinet,ft_transformer,p75,steps40_eval1024,"42,2024,2026",3200,0.00125,0.00125,0.00125,0.0,0.00125
cicids2017_distrinet,ft_transformer,unb,reference,"42,2024,2026",3200,0.005520833333333333,0.0053125,0.005625,0.0,0.005520833333333333
cicids2017_distrinet,ft_transformer,unb,steps80_eval512,"42,2024,2026",3200,0.005520833333333333,0.0053125,0.005625,0.0,0.005520833333333333
cicids2017_distrinet,ft_transformer,unb,steps160_eval1024,"42,2024,2026",3200,0.005520833333333333,0.0053125,0.005625,0.0,0.005520833333333333
cicids2017_distrinet,ft_transformer,unb,steps40_eval512,"42,2024,2026",3200,0.005729166666666667,0.005625,0.0059375,0.02083333333333338,0.005729166666666667
cicids2017_distrinet,ft_transformer,unb,steps40_eval1024,"42,2024,2026",3200,0.005833333333333334,0.005625,0.0059375,0.03125000000000003,0.005833333333333334
cicids2017_distrinet,mlp,p75,reference,"42,2024,2026",3200,0.0409375,0.0409375,0.0409375,0.0,0.0409375
cicids2017_distrinet,mlp,p75,steps80_eval512,"42,2024,2026",3200,0.0409375,0.0409375,0.0409375,0.0,0.0409375
cicids2017_distrinet,mlp,p75,steps160_eval1024,"42,2024,2026",3200,0.0409375,0.0409375,0.0409375,0.0,0.0409375
cicids2017_distrinet,mlp,p75,steps40_eval512,"42,2024,2026",3200,0.0409375,0.0409375,0.0409375,0.0,0.0409375
cicids2017_distrinet,mlp,p75,steps40_eval1024,"42,2024,2026",3200,0.0409375,0.0409375,0.0409375,0.0,0.0409375
cicids2017_distrinet,mlp,unb,reference,"42,2024,2026",3200,0.22968749999999996,0.2296875,0.2296875,0.0,0.22968749999999996
cicids2017_distrinet,mlp,unb,steps80_eval512,"42,2024,2026",3200,0.22968749999999996,0.2296875,0.2296875,0.0,0.22968749999999996
cicids2017_distrinet,mlp,unb,steps160_eval1024,"42,2024,2026",3200,0.22968749999999996,0.2296875,0.2296875,0.0,0.22968749999999996
cicids2017_distrinet,mlp,unb,steps40_eval512,"42,2024,2026",3200,0.22968749999999996,0.2296875,0.2296875,0.0,0.22968749999999996
cicids2017_distrinet,mlp,unb,steps40_eval1024,"42,2024,2026",3200,0.22968749999999996,0.2296875,0.2296875,0.0,0.22968749999999996
cicids2018_distrinet,cnn-s42,p75,reference,"42,2024,2026",3200,0.011562499999999998,0.0115625,0.0115625,0.0,0.011562499999999998
cicids2018_distrinet,cnn-s42,p75,steps80_eval512,"42,2024,2026",3200,0.011562499999999998,0.0115625,0.0115625,0.0,0.011562499999999998
cicids2018_distrinet,cnn-s42,p75,steps160_eval1024,"42,2024,2026",3200,0.011562499999999998,0.0115625,0.0115625,0.0,0.011562499999999998
cicids2018_distrinet,cnn-s42,p75,steps40_eval512,"42,2024,2026",3200,0.011562499999999998,0.0115625,0.0115625,0.0,0.011562499999999998
cicids2018_distrinet,cnn-s42,p75,steps40_eval1024,"42,2024,2026",3200,0.011562499999999998,0.0115625,0.0115625,0.0,0.011562499999999998
cicids2018_distrinet,cnn-s42,unb,reference,"42,2024,2026",3200,0.261875,0.2615625,0.2621875,0.0,0.261875
cicids2018_distrinet,cnn-s42,unb,steps80_eval512,"42,2024,2026",3200,0.261875,0.2615625,0.2621875,0.0,0.261875
cicids2018_distrinet,cnn-s42,unb,steps160_eval1024,"42,2024,2026",3200,0.261875,0.2615625,0.2621875,0.0,0.261875
cicids2018_distrinet,cnn-s42,unb,steps40_eval512,"42,2024,2026",3200,0.2620833333333334,0.261875,0.2625,0.02083333333333659,0.2620833333333334
cicids2018_distrinet,cnn-s42,unb,steps40_eval1024,"42,2024,2026",3200,0.26281249999999995,0.2625,0.263125,0.09374999999999245,0.26281249999999995
cicids2018_distrinet,ft_transformer-s42,p75,reference,"42,2024,2026",3200,0.0,0.0,0.0,0.0,0.0
cicids2018_distrinet,ft_transformer-s42,p75,steps80_eval512,"42,2024,2026",3200,0.0,0.0,0.0,0.0,0.0
cicids2018_distrinet,ft_transformer-s42,p75,steps160_eval1024,"42,2024,2026",3200,0.0,0.0,0.0,0.0,0.0
cicids2018_distrinet,ft_transformer-s42,p75,steps40_eval512,"42,2024,2026",3200,0.0,0.0,0.0,0.0,0.0
cicids2018_distrinet,ft_transformer-s42,p75,steps40_eval1024,"42,2024,2026",3200,0.0,0.0,0.0,0.0,0.0
cicids2018_distrinet,ft_transformer-s42,unb,reference,"42,2024,2026",3200,0.00125,0.00125,0.00125,0.0,0.00125
cicids2018_distrinet,ft_transformer-s42,unb,steps80_eval512,"42,2024,2026",3200,0.00125,0.00125,0.00125,0.0,0.00125
cicids2018_distrinet,ft_transformer-s42,unb,steps160_eval1024,"42,2024,2026",3200,0.00125,0.00125,0.00125,0.0,0.00125
cicids2018_distrinet,ft_transformer-s42,unb,steps40_eval512,"42,2024,2026",3200,0.00125,0.00125,0.00125,0.0,0.00125
cicids2018_distrinet,ft_transformer-s42,unb,steps40_eval1024,"42,2024,2026",3200,0.00125,0.00125,0.00125,0.0,0.00125
cicids2018_distrinet,mlp-s42,p75,reference,"42,2024,2026",3200,0.0253125,0.0253125,0.0253125,0.0,0.0253125
cicids2018_distrinet,mlp-s42,p75,steps80_eval512,"42,2024,2026",3200,0.0253125,0.0253125,0.0253125,0.0,0.0253125
cicids2018_distrinet,mlp-s42,p75,steps160_eval1024,"42,2024,2026",3200,0.0253125,0.0253125,0.0253125,0.0,0.0253125
cicids2018_distrinet,mlp-s42,p75,steps40_eval512,"42,2024,2026",3200,0.0253125,0.0253125,0.0253125,0.0,0.0253125
cicids2018_distrinet,mlp-s42,p75,steps40_eval1024,"42,2024,2026",3200,0.0253125,0.0253125,0.0253125,0.0,0.0253125
cicids2018_distrinet,mlp-s42,unb,reference,"42,2024,2026",3200,0.44364583333333335,0.4434375,0.44375,0.0,0.44364583333333335
cicids2018_distrinet,mlp-s42,unb,steps80_eval512,"42,2024,2026",3200,0.4437499999999999,0.44375,0.44375,0.010416666666657193,0.4437499999999999
cicids2018_distrinet,mlp-s42,unb,steps160_eval1024,"42,2024,2026",3200,0.4437499999999999,0.44375,0.44375,0.010416666666657193,0.4437499999999999
cicids2018_distrinet,mlp-s42,unb,steps40_eval512,"42,2024,2026",3200,0.4437499999999999,0.44375,0.44375,0.010416666666657193,0.4437499999999999
cicids2018_distrinet,mlp-s42,unb,steps40_eval1024,"42,2024,2026",3200,0.4437499999999999,0.44375,0.44375,0.010416666666657193,0.4437499999999999
