dataset,victim,budget,seed,ref_evals_mean,ref_evals_max,ref_realized_evals_mean,ref_gradient_evals_mean,p1_evals_mean,p1_evals_max,p1_continuous_candidate_evals_mean,p1_gradient_evals_mean,p1_final_realization_evals_mean
cicids2017_distrinet,mlp,p75,42,188.500625,255,94.75875,93.741875,189.500625,256,94.75875,93.741875,1.0
cicids2017_distrinet,mlp,p75,2024,188.500625,255,94.75875,93.741875,189.500625,256,94.75875,93.741875,1.0
cicids2017_distrinet,mlp,p75,2026,188.500625,255,94.75875,93.741875,189.500625,256,94.75875,93.741875,1.0
cicids2017_distrinet,mlp,unb,42,188.505625,255,94.76375,93.741875,189.505625,256,94.76375,93.741875,1.0
cicids2017_distrinet,mlp,unb,2024,188.505625,255,94.76375,93.741875,189.505625,256,94.76375,93.741875,1.0
cicids2017_distrinet,mlp,unb,2026,188.505625,255,94.76375,93.741875,189.505625,256,94.76375,93.741875,1.0
cicids2017_distrinet,cnn,p75,42,188.500625,255,94.75875,93.741875,189.500625,256,94.75875,93.741875,1.0
cicids2017_distrinet,cnn,p75,2024,188.500625,255,94.75875,93.741875,189.500625,256,94.75875,93.741875,1.0
cicids2017_distrinet,cnn,p75,2026,188.500625,255,94.75875,93.741875,189.500625,256,94.75875,93.741875,1.0
cicids2017_distrinet,cnn,unb,42,188.505625,255,94.76375,93.741875,189.505625,256,94.76375,93.741875,1.0
cicids2017_distrinet,cnn,unb,2024,188.505625,255,94.76375,93.741875,189.505625,256,94.76375,93.741875,1.0
cicids2017_distrinet,cnn,unb,2026,188.505625,255,94.76375,93.741875,189.505625,256,94.76375,93.741875,1.0
cicids2017_distrinet,ft_transformer,p75,42,188.58,255,94.7984375,93.7815625,189.58,256,94.7984375,93.7815625,1.0
cicids2017_distrinet,ft_transformer,p75,2024,188.58,255,94.7984375,93.7815625,189.58,256,94.7984375,93.7815625,1.0
cicids2017_distrinet,ft_transformer,p75,2026,188.58,255,94.7984375,93.7815625,189.58,256,94.7984375,93.7815625,1.0
cicids2017_distrinet,ft_transformer,unb,42,188.585,255,94.8034375,93.7815625,189.585,256,94.8034375,93.7815625,1.0
cicids2017_distrinet,ft_transformer,unb,2024,188.585,255,94.8034375,93.7815625,189.585,256,94.8034375,93.7815625,1.0
cicids2017_distrinet,ft_transformer,unb,2026,188.585,255,94.8034375,93.7815625,189.585,256,94.8034375,93.7815625,1.0
cicids2018_distrinet,mlp-s42,p75,42,190.788125,255,95.8953125,94.8928125,191.788125,256,95.8953125,94.8928125,1.0
cicids2018_distrinet,mlp-s42,p75,2024,190.788125,255,95.8953125,94.8928125,191.788125,256,95.8953125,94.8928125,1.0
cicids2018_distrinet,mlp-s42,p75,2026,190.788125,255,95.8953125,94.8928125,191.788125,256,95.8953125,94.8928125,1.0
cicids2018_distrinet,mlp-s42,unb,42,190.788125,255,95.8953125,94.8928125,191.788125,256,95.8953125,94.8928125,1.0
cicids2018_distrinet,mlp-s42,unb,2024,190.788125,255,95.8953125,94.8928125,191.788125,256,95.8953125,94.8928125,1.0
cicids2018_distrinet,mlp-s42,unb,2026,190.788125,255,95.8953125,94.8928125,191.788125,256,95.8953125,94.8928125,1.0
cicids2018_distrinet,cnn-s42,p75,42,190.70875,255,95.855625,94.853125,191.70875,256,95.855625,94.853125,1.0
cicids2018_distrinet,cnn-s42,p75,2024,190.70875,255,95.855625,94.853125,191.70875,256,95.855625,94.853125,1.0
cicids2018_distrinet,cnn-s42,p75,2026,190.70875,255,95.855625,94.853125,191.70875,256,95.855625,94.853125,1.0
cicids2018_distrinet,cnn-s42,unb,42,190.70875,255,95.855625,94.853125,191.70875,256,95.855625,94.853125,1.0
cicids2018_distrinet,cnn-s42,unb,2024,190.70875,255,95.855625,94.853125,191.70875,256,95.855625,94.853125,1.0
cicids2018_distrinet,cnn-s42,unb,2026,190.70875,255,95.855625,94.853125,191.70875,256,95.855625,94.853125,1.0
cicids2018_distrinet,ft_transformer-s42,p75,42,190.788125,255,95.8953125,94.8928125,191.788125,256,95.8953125,94.8928125,1.0
cicids2018_distrinet,ft_transformer-s42,p75,2024,190.788125,255,95.8953125,94.8928125,191.788125,256,95.8953125,94.8928125,1.0
cicids2018_distrinet,ft_transformer-s42,p75,2026,190.788125,255,95.8953125,94.8928125,191.788125,256,95.8953125,94.8928125,1.0
cicids2018_distrinet,ft_transformer-s42,unb,42,190.788125,255,95.8953125,94.8928125,191.788125,256,95.8953125,94.8928125,1.0
cicids2018_distrinet,ft_transformer-s42,unb,2024,190.788125,255,95.8953125,94.8928125,191.788125,256,95.8953125,94.8928125,1.0
cicids2018_distrinet,ft_transformer-s42,unb,2026,190.788125,255,95.8953125,94.8928125,191.788125,256,95.8953125,94.8928125,1.0
