dataset,victim,budget,n,continuous_hits,continuous_hit_realized_valid,continuous_hit_realized_hit_invalid,continuous_hit_realized_miss,continuous_miss_realized_hit,prediction_changed_by_realization,continuous_hits_validator_pass,continuous_hits_schema_pass,final_flow_identical,ref_valid_final_flow_identical,valid_both,valid_p1_only,valid_ref_only,realized_miss_share_of_continuous_hits,max_abs_delay_rounding_us,max_abs_p_rounding_bytes,max_abs_margin_change,min_abs_continuous_margin_hits
cicids2017_distrinet,mlp,p75,9600,393,393,0,0,0,0,3,3,9596,393,393,0,0,0.0,0.99853515625,0.0,0.004694461822509766,0.0011305809020996094
cicids2017_distrinet,mlp,unb,9600,2202,2202,0,0,0,0,78,78,9445,2197,2202,0,0,0.0,0.5,0.0,6.866455078125e-05,0.0002930164337158203
cicids2017_distrinet,cnn,p75,9600,1272,1272,0,0,0,0,20,20,9599,1272,1272,0,0,0.0,0.99853515625,0.0,0.005629539489746094,0.0002694129943847656
cicids2017_distrinet,cnn,unb,9600,5730,5730,0,0,0,0,606,606,9600,5730,5730,0,0,0.0,0.5,0.0,0.00553131103515625,0.0009007453918457031
cicids2017_distrinet,ft_transformer,p75,9600,12,12,0,0,0,0,0,0,9498,12,12,0,0,0.0,0.99853515625,0.0,0.004628658294677734,0.014936447143554688
cicids2017_distrinet,ft_transformer,unb,9600,53,53,0,0,0,0,12,12,9518,53,53,0,0,0.0,0.5,0.0,0.0010509490966796875,0.007904767990112305
cicids2018_distrinet,mlp-s42,p75,9600,75,75,0,0,0,0,2,2,9428,75,75,0,0,0.0,0.998046875,0.0,0.0015468597412109375,0.004878044128417969
cicids2018_distrinet,mlp-s42,unb,9600,2381,2381,0,0,0,0,86,86,9431,2381,2381,0,0,0.0,0.5,0.0,0.00147247314453125,0.00034236907958984375
cicids2018_distrinet,cnn-s42,p75,9600,0,0,0,0,0,0,0,0,9528,0,0,0,0,,0.998046875,0.0,0.005167961120605469,
cicids2018_distrinet,cnn-s42,unb,9600,2505,2505,0,0,0,0,27,27,9598,2505,2505,0,0,0.0,0.5,0.0,0.006476402282714844,5.054473876953125e-05
cicids2018_distrinet,ft_transformer-s42,p75,9600,0,0,0,0,0,0,0,0,9264,0,0,0,0,,0.998046875,0.0,0.00047779083251953125,
cicids2018_distrinet,ft_transformer-s42,unb,9600,12,12,0,0,0,0,0,0,9571,12,12,0,0,0.0,0.5,0.0,0.00026226043701171875,0.05390191078186035
