dataset,victim,budget,seed,flows,same_source_ids,frozen_selection_sha256_ok,same_capability,same_box,ref_evals_max,p1_evals_max,p1_final_realization_evals_all_1,p1_raw_success_is_realized_hit,p1_continuous_only_hits_not_counted,ref_raw_success_is_realized_hit,ref_flows,ref_controls_integer,ref_controls_equal_projection,ref_adv_equal_recomputed,ref_validator_equal_recomputed,ref_capability_equal_recomputed,p1_flows,p1_controls_integer,p1_controls_equal_projection,p1_adv_equal_recomputed,p1_validator_equal_recomputed,p1_capability_equal_recomputed,final_flows,final_adv_identical,final_pred_identical,final_valid_identical,final_valid_success_identical,final_missing
cicids2017_distrinet,mlp,p75,42,3200,True,True,True,True,255,256,True,True,0,True,3200,3200,3200,3200,3200,3200,3200,3200,3200,3200,3200,3200,3200,3200,3200,3200,3200,0
cicids2017_distrinet,mlp,p75,2024,3200,True,True,True,True,255,256,True,True,0,True,3200,3200,3200,3200,3200,3200,3200,3200,3200,3200,3200,3200,3200,3200,3200,3200,3200,0
cicids2017_distrinet,mlp,p75,2026,3200,True,True,True,True,255,256,True,True,0,True,3200,3200,3200,3200,3200,3200,3200,3200,3200,3200,3200,3200,3200,3200,3200,3200,3200,0
cicids2017_distrinet,mlp,unb,42,3200,True,True,True,True,255,256,True,True,0,True,3200,3200,3200,3200,3200,3200,3200,3200,3200,3200,3200,3200,3200,3200,3200,3200,3200,0
cicids2017_distrinet,mlp,unb,2024,3200,True,True,True,True,255,256,True,True,0,True,3200,3200,3200,3200,3200,3200,3200,3200,3200,3200,3200,3200,3200,3200,3200,3200,3200,0
cicids2017_distrinet,mlp,unb,2026,3200,True,True,True,True,255,256,True,True,0,True,3200,3200,3200,3200,3200,3200,3200,3200,3200,3200,3200,3200,3200,3200,3200,3200,3200,0
cicids2017_distrinet,cnn,p75,42,3200,True,True,True,True,255,256,True,True,0,True,3200,3200,3200,3200,3200,3200,3200,3200,3200,3200,3200,3200,3200,3200,3200,3200,3200,0
cicids2017_distrinet,cnn,p75,2024,3200,True,True,True,True,255,256,True,True,0,True,3200,3200,3200,3200,3200,3200,3200,3200,3200,3200,3200,3200,3200,3200,3200,3200,3200,0
cicids2017_distrinet,cnn,p75,2026,3200,True,True,True,True,255,256,True,True,0,True,3200,3200,3200,3200,3200,3200,3200,3200,3200,3200,3200,3200,3200,3200,3200,3200,3200,0
cicids2017_distrinet,cnn,unb,42,3200,True,True,True,True,255,256,True,True,0,True,3200,3200,3200,3200,3200,3200,3200,3200,3200,3200,3200,3200,3200,3200,3200,3200,3200,0
cicids2017_distrinet,cnn,unb,2024,3200,True,True,True,True,255,256,True,True,0,True,3200,3200,3200,3200,3200,3200,3200,3200,3200,3200,3200,3200,3200,3200,3200,3200,3200,0
cicids2017_distrinet,cnn,unb,2026,3200,True,True,True,True,255,256,True,True,0,True,3200,3200,3200,3200,3200,3200,3200,3200,3200,3200,3200,3200,3200,3200,3200,3200,3200,0
cicids2017_distrinet,ft_transformer,p75,42,3200,True,True,True,True,255,256,True,True,0,True,3200,3200,3200,3200,3200,3200,3200,3200,3200,3200,3200,3200,3200,3200,3200,3200,3200,0
cicids2017_distrinet,ft_transformer,p75,2024,3200,True,True,True,True,255,256,True,True,0,True,3200,3200,3200,3200,3200,3200,3200,3200,3200,3200,3200,3200,3200,3200,3200,3200,3200,0
cicids2017_distrinet,ft_transformer,p75,2026,3200,True,True,True,True,255,256,True,True,0,True,3200,3200,3200,3200,3200,3200,3200,3200,3200,3200,3200,3200,3200,3200,3200,3200,3200,0
cicids2017_distrinet,ft_transformer,unb,42,3200,True,True,True,True,255,256,True,True,0,True,3200,3200,3200,3200,3200,3200,3200,3200,3200,3200,3200,3200,3200,3200,3200,3200,3200,0
cicids2017_distrinet,ft_transformer,unb,2024,3200,True,True,True,True,255,256,True,True,0,True,3200,3200,3200,3200,3200,3200,3200,3200,3200,3200,3200,3200,3200,3200,3200,3200,3200,0
cicids2017_distrinet,ft_transformer,unb,2026,3200,True,True,True,True,255,256,True,True,0,True,3200,3200,3200,3200,3200,3200,3200,3200,3200,3200,3200,3200,3200,3200,3200,3200,3200,0
cicids2018_distrinet,mlp-s42,p75,42,3200,True,True,True,True,255,256,True,True,0,True,3200,3200,3200,3200,3200,3200,3200,3200,3200,3200,3200,3200,3200,3200,3200,3200,3200,0
cicids2018_distrinet,mlp-s42,p75,2024,3200,True,True,True,True,255,256,True,True,0,True,3200,3200,3200,3200,3200,3200,3200,3200,3200,3200,3200,3200,3200,3200,3200,3200,3200,0
cicids2018_distrinet,mlp-s42,p75,2026,3200,True,True,True,True,255,256,True,True,0,True,3200,3200,3200,3200,3200,3200,3200,3200,3200,3200,3200,3200,3200,3200,3200,3200,3200,0
cicids2018_distrinet,mlp-s42,unb,42,3200,True,True,True,True,255,256,True,True,0,True,3200,3200,3200,3200,3200,3200,3200,3200,3200,3200,3200,3200,3200,3200,3200,3200,3200,0
cicids2018_distrinet,mlp-s42,unb,2024,3200,True,True,True,True,255,256,True,True,0,True,3200,3200,3200,3200,3200,3200,3200,3200,3200,3200,3200,3200,3200,3200,3200,3200,3200,0
cicids2018_distrinet,mlp-s42,unb,2026,3200,True,True,True,True,255,256,True,True,0,True,3200,3200,3200,3200,3200,3200,3200,3200,3200,3200,3200,3200,3200,3200,3200,3200,3200,0
cicids2018_distrinet,cnn-s42,p75,42,3200,True,True,True,True,255,256,True,True,0,True,3200,3200,3200,3200,3200,3200,3200,3200,3200,3200,3200,3200,3200,3200,3200,3200,3200,0
cicids2018_distrinet,cnn-s42,p75,2024,3200,True,True,True,True,255,256,True,True,0,True,3200,3200,3200,3200,3200,3200,3200,3200,3200,3200,3200,3200,3200,3200,3200,3200,3200,0
cicids2018_distrinet,cnn-s42,p75,2026,3200,True,True,True,True,255,256,True,True,0,True,3200,3200,3200,3200,3200,3200,3200,3200,3200,3200,3200,3200,3200,3200,3200,3200,3200,0
cicids2018_distrinet,cnn-s42,unb,42,3200,True,True,True,True,255,256,True,True,0,True,3200,3200,3200,3200,3200,3200,3200,3200,3200,3200,3200,3200,3200,3200,3200,3200,3200,0
cicids2018_distrinet,cnn-s42,unb,2024,3200,True,True,True,True,255,256,True,True,0,True,3200,3200,3200,3200,3200,3200,3200,3200,3200,3200,3200,3200,3200,3200,3200,3200,3200,0
cicids2018_distrinet,cnn-s42,unb,2026,3200,True,True,True,True,255,256,True,True,0,True,3200,3200,3200,3200,3200,3200,3200,3200,3200,3200,3200,3200,3200,3200,3200,3200,3200,0
cicids2018_distrinet,ft_transformer-s42,p75,42,3200,True,True,True,True,255,256,True,True,0,True,3200,3200,3200,3200,3200,3200,3200,3200,3200,3200,3200,3200,3200,3200,3200,3200,3200,0
cicids2018_distrinet,ft_transformer-s42,p75,2024,3200,True,True,True,True,255,256,True,True,0,True,3200,3200,3200,3200,3200,3200,3200,3200,3200,3200,3200,3200,3200,3200,3200,3200,3200,0
cicids2018_distrinet,ft_transformer-s42,p75,2026,3200,True,True,True,True,255,256,True,True,0,True,3200,3200,3200,3200,3200,3200,3200,3200,3200,3200,3200,3200,3200,3200,3200,3200,3200,0
cicids2018_distrinet,ft_transformer-s42,unb,42,3200,True,True,True,True,255,256,True,True,0,True,3200,3200,3200,3200,3200,3200,3200,3200,3200,3200,3200,3200,3200,3200,3200,3200,3200,0
cicids2018_distrinet,ft_transformer-s42,unb,2024,3200,True,True,True,True,255,256,True,True,0,True,3200,3200,3200,3200,3200,3200,3200,3200,3200,3200,3200,3200,3200,3200,3200,3200,3200,0
cicids2018_distrinet,ft_transformer-s42,unb,2026,3200,True,True,True,True,255,256,True,True,0,True,3200,3200,3200,3200,3200,3200,3200,3200,3200,3200,3200,3200,3200,3200,3200,3200,3200,0
