dataset,victim,budget,seeds,ref_raw_asr_mean,ref_raw_asr_sd,ref_valid_asr_mean,ref_valid_asr_sd,p1_continuous_asr_mean,p1_continuous_asr_sd,p1_raw_asr_mean,p1_raw_asr_sd,p1_valid_asr_mean,p1_valid_asr_sd,delta_valid_pp_mean,delta_valid_pp_sd,delta_raw_pp_mean,delta_raw_pp_sd,continuous_hit_realized_miss_mean,continuous_hit_realized_miss_sd,continuous_hit_realized_hit_invalid_mean,continuous_hit_realized_hit_invalid_sd,continuous_miss_realized_hit_mean,continuous_miss_realized_hit_sd,prediction_changed_by_realization_mean,prediction_changed_by_realization_sd,ref_valid_cost_median_mean,ref_valid_cost_median_sd,p1_valid_cost_median_mean,p1_valid_cost_median_sd,ref_valid_delay_us_median_mean,ref_valid_delay_us_median_sd,p1_valid_delay_us_median_mean,p1_valid_delay_us_median_sd,ref_evals_mean_mean,ref_evals_mean_sd,p1_evals_mean_mean,p1_evals_mean_sd
cicids2017_distrinet,mlp,p75,"42,2024,2026",0.0409375,0.0,0.0409375,0.0,0.0409375,0.0,0.0409375,0.0,0.0409375,0.0,0.0,0.0,0.0,0.0,0.0,0.0,0.0,0.0,0.0,0.0,0.0,0.0,0.6346929868062338,0.034521635044572334,0.6346929868062338,0.034521635044572334,1252001.0,21249.91310570469,1252001.0,21249.91310570469,188.500625,0.0,189.500625,0.0
cicids2017_distrinet,mlp,unb,"42,2024,2026",0.229375,0.0,0.229375,0.0,0.229375,0.0,0.229375,0.0,0.229375,0.0,0.0,0.0,0.0,0.0,0.0,0.0,0.0,0.0,0.0,0.0,0.0,0.0,0.30000001192092896,0.0,0.30000001192092896,0.0,5215277.0,81562.21651598245,5215277.0,81562.21651598245,188.505625,0.0,189.505625,0.0
cicids2017_distrinet,cnn,p75,"42,2024,2026",0.1325,0.0,0.1325,0.0,0.1325,0.0,0.1325,0.0,0.1325,0.0,0.0,0.0,0.0,0.0,0.0,0.0,0.0,0.0,0.0,0.0,0.0,0.0,0.5958064099152883,0.014493131071470905,0.5958064099152883,0.014493131071470905,993283.6666666666,10745.96009360417,993283.6666666666,10745.96009360417,188.500625,0.0,189.500625,0.0
cicids2017_distrinet,cnn,unb,"42,2024,2026",0.596875,0.0,0.596875,0.0,0.596875,0.0,0.596875,0.0,0.596875,0.0,0.0,0.0,0.0,0.0,0.0,0.0,0.0,0.0,0.0,0.0,0.0,0.0,0.38529278834660846,0.006939325264023079,0.38529278834660846,0.006939325264023079,8108185.5,206565.60916752333,8108185.5,206565.60916752333,188.505625,0.0,189.505625,0.0
cicids2017_distrinet,ft_transformer,p75,"42,2024,2026",0.00125,0.0,0.00125,0.0,0.00125,0.0,0.00125,0.0,0.00125,0.0,0.0,0.0,0.0,0.0,0.0,0.0,0.0,0.0,0.0,0.0,0.0,0.0,0.2853483234842618,0.012911467727650153,0.2853483234842618,0.012911467727650153,5908.333333333333,641.3628718076322,5908.333333333333,641.3628718076322,188.58,0.0,189.58,0.0
cicids2017_distrinet,ft_transformer,unb,"42,2024,2026",0.005520833333333333,0.0001804219591217577,0.005520833333333333,0.0001804219591217577,0.005520833333333333,0.0001804219591217577,0.005520833333333333,0.0001804219591217577,0.005520833333333333,0.0001804219591217577,0.0,0.0,0.0,0.0,0.0,0.0,0.0,0.0,0.0,0.0,0.0,0.0,0.0491647453357776,0.0014467144847597963,0.0491647453357776,0.0014467144847597963,2679485.0,111141.32274271348,2679485.0,111141.32274271348,188.585,0.0,189.585,0.0
cicids2018_distrinet,mlp-s42,p75,"42,2024,2026",0.0078125,0.0,0.0078125,0.0,0.0078125,0.0,0.0078125,0.0,0.0078125,0.0,0.0,0.0,0.0,0.0,0.0,0.0,0.0,0.0,0.0,0.0,0.0,0.0,0.4753141800562541,0.025122033110322517,0.4753141800562541,0.025122033110322517,2985834.0,127146.38568201615,2985834.0,127146.38568201615,190.788125,0.0,191.788125,0.0
cicids2018_distrinet,mlp-s42,unb,"42,2024,2026",0.24802083333333336,0.00018042195912177023,0.24802083333333336,0.00018042195912177023,0.24802083333333336,0.00018042195912177023,0.24802083333333336,0.00018042195912177023,0.24802083333333336,0.00018042195912177023,0.0,0.0,0.0,0.0,0.0,0.0,0.0,0.0,0.0,0.0,0.0,0.0,0.6000000238418579,0.0,0.6000000238418579,0.0,70086977.33333333,607.1617027887492,70086977.33333333,607.1617027887492,190.788125,0.0,191.788125,0.0
cicids2018_distrinet,cnn-s42,p75,"42,2024,2026",0.0,0.0,0.0,0.0,0.0,0.0,0.0,0.0,0.0,0.0,0.0,0.0,0.0,0.0,0.0,0.0,0.0,0.0,0.0,0.0,0.0,0.0,,,,,,,,,190.70875,0.0,191.70875,0.0
cicids2018_distrinet,cnn-s42,unb,"42,2024,2026",0.2609375,0.0,0.2609375,0.0,0.2609375,0.0,0.2609375,0.0,0.2609375,0.0,0.0,0.0,0.0,0.0,0.0,0.0,0.0,0.0,0.0,0.0,0.0,0.0,0.16300022105375925,0.005446668706626212,0.16300022105375925,0.005446668706626212,18292736.0,630712.051294408,18292736.0,630712.051294408,190.70875,0.0,191.70875,0.0
cicids2018_distrinet,ft_transformer-s42,p75,"42,2024,2026",0.0,0.0,0.0,0.0,0.0,0.0,0.0,0.0,0.0,0.0,0.0,0.0,0.0,0.0,0.0,0.0,0.0,0.0,0.0,0.0,0.0,0.0,,,,,,,,,190.788125,0.0,191.788125,0.0
cicids2018_distrinet,ft_transformer-s42,unb,"42,2024,2026",0.00125,0.0,0.00125,0.0,0.00125,0.0,0.00125,0.0,0.00125,0.0,0.0,0.0,0.0,0.0,0.0,0.0,0.0,0.0,0.0,0.0,0.0,0.0,0.10000000149011612,0.0,0.10000000149011612,0.0,4799823.0,0.0,4799823.0,0.0,190.788125,0.0,191.788125,0.0
