dataset,victim,budget,seed,feature,rows,changed_rows,median_abs_scaled_change,alone_breaks_success,reverting_restores_success
cicids2017_distrinet,mlp,p75,42,Fwd Packet Length Mean,42,0,0.0,0,0
cicids2017_distrinet,mlp,p75,42,Fwd Segment Size Avg,42,0,0.0,0,0
cicids2017_distrinet,mlp,p75,42,Fwd IAT Mean,42,42,0.2866721749305725,34,27
cicids2017_distrinet,mlp,p75,42,Flow Duration,42,42,0.25909483432769775,19,6
cicids2017_distrinet,mlp,p75,42,Flow IAT Mean,42,42,0.2719515264034271,19,5
cicids2017_distrinet,mlp,p75,42,Flow IAT Max,42,42,0.30372855067253113,0,0
cicids2017_distrinet,mlp,p75,42,Packet Length Max,42,0,0.0,0,0
cicids2017_distrinet,mlp,p75,42,Packet Length Min,42,0,0.0,0,0
cicids2017_distrinet,mlp,p75,42,Packet Length Mean,42,0,0.0,0,0
cicids2017_distrinet,mlp,p75,42,Average Packet Size,42,0,0.0,0,0
cicids2017_distrinet,mlp,p75,42,Packet Length Variance,42,0,0.0,0,0
cicids2017_distrinet,mlp,p75,42,Packet Length Std,42,0,0.0,0,0
cicids2017_distrinet,mlp,p75,42,Fwd Packets/s,42,42,0.0005072964122518897,0,0
cicids2017_distrinet,mlp,p75,42,Bwd Packets/s,42,42,0.0003586835809983313,0,0
cicids2017_distrinet,mlp,p75,42,Flow Packets/s,42,42,0.0004398748860694468,0,0
cicids2017_distrinet,mlp,p75,42,Flow Bytes/s,42,42,0.023839902132749557,12,5
cicids2017_distrinet,mlp,p75,2024,Fwd Packet Length Mean,37,0,0.0,0,0
cicids2017_distrinet,mlp,p75,2024,Fwd Segment Size Avg,37,0,0.0,0,0
cicids2017_distrinet,mlp,p75,2024,Fwd IAT Mean,37,37,0.3045854866504669,32,25
cicids2017_distrinet,mlp,p75,2024,Flow Duration,37,37,0.26037177443504333,15,4
cicids2017_distrinet,mlp,p75,2024,Flow IAT Mean,37,37,0.29903674125671387,15,5
cicids2017_distrinet,mlp,p75,2024,Flow IAT Max,37,37,0.3052254617214203,0,0
cicids2017_distrinet,mlp,p75,2024,Packet Length Max,37,0,0.0,0,0
cicids2017_distrinet,mlp,p75,2024,Packet Length Min,37,0,0.0,0,0
cicids2017_distrinet,mlp,p75,2024,Packet Length Mean,37,0,0.0,0,0
cicids2017_distrinet,mlp,p75,2024,Average Packet Size,37,0,0.0,0,0
cicids2017_distrinet,mlp,p75,2024,Packet Length Variance,37,0,0.0,0,0
cicids2017_distrinet,mlp,p75,2024,Packet Length Std,37,0,0.0,0,0
cicids2017_distrinet,mlp,p75,2024,Fwd Packets/s,37,37,0.00044767261715605855,0,0
cicids2017_distrinet,mlp,p75,2024,Bwd Packets/s,37,37,0.0003277368377894163,0,0
cicids2017_distrinet,mlp,p75,2024,Flow Packets/s,37,37,0.0003898828290402889,0,0
cicids2017_distrinet,mlp,p75,2024,Flow Bytes/s,37,37,0.019617071375250816,7,4
cicids2017_distrinet,mlp,p75,2026,Fwd Packet Length Mean,42,0,0.0,0,0
cicids2017_distrinet,mlp,p75,2026,Fwd Segment Size Avg,42,0,0.0,0,0
cicids2017_distrinet,mlp,p75,2026,Fwd IAT Mean,42,42,0.2968340218067169,36,31
cicids2017_distrinet,mlp,p75,2026,Flow Duration,42,42,0.25767144560813904,13,7
cicids2017_distrinet,mlp,p75,2026,Flow IAT Mean,42,42,0.29593536257743835,16,8
cicids2017_distrinet,mlp,p75,2026,Flow IAT Max,42,42,0.30205994844436646,0,0
cicids2017_distrinet,mlp,p75,2026,Packet Length Max,42,0,0.0,0,0
cicids2017_distrinet,mlp,p75,2026,Packet Length Min,42,0,0.0,0,0
cicids2017_distrinet,mlp,p75,2026,Packet Length Mean,42,0,0.0,0,0
cicids2017_distrinet,mlp,p75,2026,Average Packet Size,42,0,0.0,0,0
cicids2017_distrinet,mlp,p75,2026,Packet Length Variance,42,0,0.0,0,0
cicids2017_distrinet,mlp,p75,2026,Packet Length Std,42,0,0.0,0,0
cicids2017_distrinet,mlp,p75,2026,Fwd Packets/s,42,42,0.0004949790891259909,0,0
cicids2017_distrinet,mlp,p75,2026,Bwd Packets/s,42,42,0.0003659306967165321,0,0
cicids2017_distrinet,mlp,p75,2026,Flow Packets/s,42,42,0.0004320039879530668,0,0
cicids2017_distrinet,mlp,p75,2026,Flow Bytes/s,42,42,0.02322099357843399,11,5
cicids2017_distrinet,mlp,unb,42,Fwd Packet Length Mean,449,0,0.0,0,0
cicids2017_distrinet,mlp,unb,42,Fwd Segment Size Avg,449,0,0.0,0,0
cicids2017_distrinet,mlp,unb,42,Fwd IAT Mean,449,449,1.896276593208313,433,372
cicids2017_distrinet,mlp,unb,42,Flow Duration,449,449,1.5935884714126587,64,14
cicids2017_distrinet,mlp,unb,42,Flow IAT Mean,449,449,1.9590343236923218,307,87
cicids2017_distrinet,mlp,unb,42,Flow IAT Max,449,449,1.868112564086914,1,2
cicids2017_distrinet,mlp,unb,42,Packet Length Max,449,0,0.0,0,0
cicids2017_distrinet,mlp,unb,42,Packet Length Min,449,0,0.0,0,0
cicids2017_distrinet,mlp,unb,42,Packet Length Mean,449,0,0.0,0,0
cicids2017_distrinet,mlp,unb,42,Average Packet Size,449,0,0.0,0,0
cicids2017_distrinet,mlp,unb,42,Packet Length Variance,449,0,0.0,0,0
cicids2017_distrinet,mlp,unb,42,Packet Length Std,449,0,0.0,0,0
cicids2017_distrinet,mlp,unb,42,Fwd Packets/s,449,449,0.013951721601188183,0,2
cicids2017_distrinet,mlp,unb,42,Bwd Packets/s,449,449,0.010229550302028656,1,2
cicids2017_distrinet,mlp,unb,42,Flow Packets/s,449,449,0.011867343448102474,1,2
cicids2017_distrinet,mlp,unb,42,Flow Bytes/s,449,449,0.6928195357322693,39,14
cicids2017_distrinet,mlp,unb,2024,Fwd Packet Length Mean,449,0,0.0,0,0
cicids2017_distrinet,mlp,unb,2024,Fwd Segment Size Avg,449,0,0.0,0,0
cicids2017_distrinet,mlp,unb,2024,Fwd IAT Mean,449,449,1.9256240129470825,435,367
cicids2017_distrinet,mlp,unb,2024,Flow Duration,449,449,1.6657724380493164,63,10
cicids2017_distrinet,mlp,unb,2024,Flow IAT Mean,449,449,1.961242437362671,306,77
cicids2017_distrinet,mlp,unb,2024,Flow IAT Max,449,449,1.9527316093444824,1,3
cicids2017_distrinet,mlp,unb,2024,Packet Length Max,449,0,0.0,0,0
cicids2017_distrinet,mlp,unb,2024,Packet Length Min,449,0,0.0,0,0
cicids2017_distrinet,mlp,unb,2024,Packet Length Mean,449,0,0.0,0,0
cicids2017_distrinet,mlp,unb,2024,Average Packet Size,449,0,0.0,0,0
cicids2017_distrinet,mlp,unb,2024,Packet Length Variance,449,0,0.0,0,0
cicids2017_distrinet,mlp,unb,2024,Packet Length Std,449,0,0.0,0,0
cicids2017_distrinet,mlp,unb,2024,Fwd Packets/s,449,449,0.0149252749979496,0,2
cicids2017_distrinet,mlp,unb,2024,Bwd Packets/s,449,449,0.01156624685972929,0,2
cicids2017_distrinet,mlp,unb,2024,Flow Packets/s,449,449,0.013386084698140621,0,2
cicids2017_distrinet,mlp,unb,2024,Flow Bytes/s,449,449,0.7436894774436951,38,14
cicids2017_distrinet,mlp,unb,2026,Fwd Packet Length Mean,450,0,0.0,0,0
cicids2017_distrinet,mlp,unb,2026,Fwd Segment Size Avg,450,0,0.0,0,0
cicids2017_distrinet,mlp,unb,2026,Fwd IAT Mean,450,450,1.9693858623504639,432,375
cicids2017_distrinet,mlp,unb,2026,Flow Duration,450,450,1.7083566188812256,65,14
cicids2017_distrinet,mlp,unb,2026,Flow IAT Mean,450,450,1.984151840209961,301,77
cicids2017_distrinet,mlp,unb,2026,Flow IAT Max,450,450,2.0026516914367676,0,2
cicids2017_distrinet,mlp,unb,2026,Packet Length Max,450,0,0.0,0,0
cicids2017_distrinet,mlp,unb,2026,Packet Length Min,450,0,0.0,0,0
cicids2017_distrinet,mlp,unb,2026,Packet Length Mean,450,0,0.0,0,0
cicids2017_distrinet,mlp,unb,2026,Average Packet Size,450,0,0.0,0,0
cicids2017_distrinet,mlp,unb,2026,Packet Length Variance,450,0,0.0,0,0
cicids2017_distrinet,mlp,unb,2026,Packet Length Std,450,0,0.0,0,0
cicids2017_distrinet,mlp,unb,2026,Fwd Packets/s,450,450,0.014290835708379745,0,2
cicids2017_distrinet,mlp,unb,2026,Bwd Packets/s,450,450,0.010843856260180473,0,2
cicids2017_distrinet,mlp,unb,2026,Flow Packets/s,450,450,0.012278212234377861,1,2
cicids2017_distrinet,mlp,unb,2026,Flow Bytes/s,450,450,0.6980723738670349,43,16
cicids2017_distrinet,cnn,p75,42,Fwd Packet Length Mean,49,0,0.0,0,0
cicids2017_distrinet,cnn,p75,42,Fwd Segment Size Avg,49,0,0.0,0,0
cicids2017_distrinet,cnn,p75,42,Fwd IAT Mean,49,49,0.2691876292228699,15,8
cicids2017_distrinet,cnn,p75,42,Flow Duration,49,49,0.24839834868907928,31,22
cicids2017_distrinet,cnn,p75,42,Flow IAT Mean,49,49,0.28778940439224243,32,20
cicids2017_distrinet,cnn,p75,42,Flow IAT Max,49,49,0.29118940234184265,3,6
cicids2017_distrinet,cnn,p75,42,Packet Length Max,49,0,0.0,0,0
cicids2017_distrinet,cnn,p75,42,Packet Length Min,49,0,0.0,0,0
cicids2017_distrinet,cnn,p75,42,Packet Length Mean,49,0,0.0,0,0
cicids2017_distrinet,cnn,p75,42,Average Packet Size,49,0,0.0,0,0
cicids2017_distrinet,cnn,p75,42,Packet Length Variance,49,0,0.0,0,0
cicids2017_distrinet,cnn,p75,42,Packet Length Std,49,0,0.0,0,0
cicids2017_distrinet,cnn,p75,42,Fwd Packets/s,49,49,0.0008455083589069545,0,0
cicids2017_distrinet,cnn,p75,42,Bwd Packets/s,49,49,0.000696218921802938,2,2
cicids2017_distrinet,cnn,p75,42,Flow Packets/s,49,49,0.0007572454633191228,0,0
cicids2017_distrinet,cnn,p75,42,Flow Bytes/s,49,49,0.03994825854897499,3,0
cicids2017_distrinet,cnn,p75,2024,Fwd Packet Length Mean,53,0,0.0,0,0
cicids2017_distrinet,cnn,p75,2024,Fwd Segment Size Avg,53,0,0.0,0,0
cicids2017_distrinet,cnn,p75,2024,Fwd IAT Mean,53,53,0.2914389371871948,19,9
cicids2017_distrinet,cnn,p75,2024,Flow Duration,53,53,0.26705434918403625,30,20
cicids2017_distrinet,cnn,p75,2024,Flow IAT Mean,53,53,0.32525089383125305,34,27
cicids2017_distrinet,cnn,p75,2024,Flow IAT Max,53,53,0.3130592107772827,5,5
cicids2017_distrinet,cnn,p75,2024,Packet Length Max,53,0,0.0,0,0
cicids2017_distrinet,cnn,p75,2024,Packet Length Min,53,0,0.0,0,0
cicids2017_distrinet,cnn,p75,2024,Packet Length Mean,53,0,0.0,0,0
cicids2017_distrinet,cnn,p75,2024,Average Packet Size,53,0,0.0,0,0
cicids2017_distrinet,cnn,p75,2024,Packet Length Variance,53,0,0.0,0,0
cicids2017_distrinet,cnn,p75,2024,Packet Length Std,53,0,0.0,0,0
cicids2017_distrinet,cnn,p75,2024,Fwd Packets/s,53,53,0.0005250554531812668,0,0
cicids2017_distrinet,cnn,p75,2024,Bwd Packets/s,53,53,0.0004863910435233265,3,1
cicids2017_distrinet,cnn,p75,2024,Flow Packets/s,53,53,0.0004959612269885838,0,0
cicids2017_distrinet,cnn,p75,2024,Flow Bytes/s,53,53,0.02495443820953369,4,1
cicids2017_distrinet,cnn,p75,2026,Fwd Packet Length Mean,59,0,0.0,0,0
cicids2017_distrinet,cnn,p75,2026,Fwd Segment Size Avg,59,0,0.0,0,0
cicids2017_distrinet,cnn,p75,2026,Fwd IAT Mean,59,59,0.3129143714904785,18,14
cicids2017_distrinet,cnn,p75,2026,Flow Duration,59,59,0.26612016558647156,25,25
cicids2017_distrinet,cnn,p75,2026,Flow IAT Mean,59,59,0.31895706057548523,35,31
cicids2017_distrinet,cnn,p75,2026,Flow IAT Max,59,59,0.31196412444114685,6,5
cicids2017_distrinet,cnn,p75,2026,Packet Length Max,59,0,0.0,0,0
cicids2017_distrinet,cnn,p75,2026,Packet Length Min,59,0,0.0,0,0
cicids2017_distrinet,cnn,p75,2026,Packet Length Mean,59,0,0.0,0,0
cicids2017_distrinet,cnn,p75,2026,Average Packet Size,59,0,0.0,0,0
cicids2017_distrinet,cnn,p75,2026,Packet Length Variance,59,0,0.0,0,0
cicids2017_distrinet,cnn,p75,2026,Packet Length Std,59,0,0.0,0,0
cicids2017_distrinet,cnn,p75,2026,Fwd Packets/s,59,59,0.00036857445957139134,0,0
cicids2017_distrinet,cnn,p75,2026,Bwd Packets/s,59,59,0.0002567809715401381,2,1
cicids2017_distrinet,cnn,p75,2026,Flow Packets/s,59,59,0.00032494106562808156,0,0
cicids2017_distrinet,cnn,p75,2026,Flow Bytes/s,59,59,0.017517322674393654,4,1
cicids2017_distrinet,cnn,unb,42,Fwd Packet Length Mean,255,0,0.0,0,0
cicids2017_distrinet,cnn,unb,42,Fwd Segment Size Avg,255,0,0.0,0,0
cicids2017_distrinet,cnn,unb,42,Fwd IAT Mean,255,255,1.421190857887268,144,60
cicids2017_distrinet,cnn,unb,42,Flow Duration,255,255,1.1711021661758423,141,81
cicids2017_distrinet,cnn,unb,42,Flow IAT Mean,255,255,1.4540328979492188,130,62
cicids2017_distrinet,cnn,unb,42,Flow IAT Max,255,255,1.3728454113006592,29,23
cicids2017_distrinet,cnn,unb,42,Packet Length Max,255,0,0.0,0,0
cicids2017_distrinet,cnn,unb,42,Packet Length Min,255,0,0.0,0,0
cicids2017_distrinet,cnn,unb,42,Packet Length Mean,255,0,0.0,0,0
cicids2017_distrinet,cnn,unb,42,Average Packet Size,255,0,0.0,0,0
cicids2017_distrinet,cnn,unb,42,Packet Length Variance,255,0,0.0,0,0
cicids2017_distrinet,cnn,unb,42,Packet Length Std,255,0,0.0,0,0
cicids2017_distrinet,cnn,unb,42,Fwd Packets/s,255,255,0.0017979799304157495,1,1
cicids2017_distrinet,cnn,unb,42,Bwd Packets/s,255,255,0.001375827589072287,5,5
cicids2017_distrinet,cnn,unb,42,Flow Packets/s,255,255,0.0015759369125589728,0,2
cicids2017_distrinet,cnn,unb,42,Flow Bytes/s,255,255,0.08460967987775803,5,6
cicids2017_distrinet,cnn,unb,2024,Fwd Packet Length Mean,250,0,0.0,0,0
cicids2017_distrinet,cnn,unb,2024,Fwd Segment Size Avg,250,0,0.0,0,0
cicids2017_distrinet,cnn,unb,2024,Fwd IAT Mean,250,250,1.3884203433990479,135,66
cicids2017_distrinet,cnn,unb,2024,Flow Duration,250,250,1.149811029434204,130,71
cicids2017_distrinet,cnn,unb,2024,Flow IAT Mean,250,250,1.4536042213439941,123,64
cicids2017_distrinet,cnn,unb,2024,Flow IAT Max,250,250,1.347886562347412,29,20
cicids2017_distrinet,cnn,unb,2024,Packet Length Max,250,0,0.0,0,0
cicids2017_distrinet,cnn,unb,2024,Packet Length Min,250,0,0.0,0,0
cicids2017_distrinet,cnn,unb,2024,Packet Length Mean,250,0,0.0,0,0
cicids2017_distrinet,cnn,unb,2024,Average Packet Size,250,0,0.0,0,0
cicids2017_distrinet,cnn,unb,2024,Packet Length Variance,250,0,0.0,0,0
cicids2017_distrinet,cnn,unb,2024,Packet Length Std,250,0,0.0,0,0
cicids2017_distrinet,cnn,unb,2024,Fwd Packets/s,250,250,0.001852391054853797,1,1
cicids2017_distrinet,cnn,unb,2024,Bwd Packets/s,250,250,0.0013564785476773977,3,4
cicids2017_distrinet,cnn,unb,2024,Flow Packets/s,250,250,0.0015423625009134412,0,1
cicids2017_distrinet,cnn,unb,2024,Flow Bytes/s,250,250,0.08447205275297165,9,6
cicids2017_distrinet,cnn,unb,2026,Fwd Packet Length Mean,267,0,0.0,0,0
cicids2017_distrinet,cnn,unb,2026,Fwd Segment Size Avg,267,0,0.0,0,0
cicids2017_distrinet,cnn,unb,2026,Fwd IAT Mean,267,267,1.3830572366714478,154,61
cicids2017_distrinet,cnn,unb,2026,Flow Duration,267,267,1.1960959434509277,139,79
cicids2017_distrinet,cnn,unb,2026,Flow IAT Mean,267,267,1.4690649509429932,148,69
cicids2017_distrinet,cnn,unb,2026,Flow IAT Max,267,267,1.4021447896957397,36,16
cicids2017_distrinet,cnn,unb,2026,Packet Length Max,267,0,0.0,0,0
cicids2017_distrinet,cnn,unb,2026,Packet Length Min,267,0,0.0,0,0
cicids2017_distrinet,cnn,unb,2026,Packet Length Mean,267,0,0.0,0,0
cicids2017_distrinet,cnn,unb,2026,Average Packet Size,267,0,0.0,0,0
cicids2017_distrinet,cnn,unb,2026,Packet Length Variance,267,0,0.0,0,0
cicids2017_distrinet,cnn,unb,2026,Packet Length Std,267,0,0.0,0,0
cicids2017_distrinet,cnn,unb,2026,Fwd Packets/s,267,267,0.0017645875923335552,0,0
cicids2017_distrinet,cnn,unb,2026,Bwd Packets/s,267,267,0.0011724893702194095,3,1
cicids2017_distrinet,cnn,unb,2026,Flow Packets/s,267,267,0.0014445680426433682,0,1
cicids2017_distrinet,cnn,unb,2026,Flow Bytes/s,267,267,0.08072192966938019,9,7
cicids2017_distrinet,ft_transformer,unb,42,Fwd Packet Length Mean,5,0,0.0,0,0
cicids2017_distrinet,ft_transformer,unb,42,Fwd Segment Size Avg,5,0,0.0,0,0
cicids2017_distrinet,ft_transformer,unb,42,Fwd IAT Mean,5,5,6.3792243003845215,5,1
cicids2017_distrinet,ft_transformer,unb,42,Flow Duration,5,5,10.375334739685059,5,5
cicids2017_distrinet,ft_transformer,unb,42,Flow IAT Mean,5,5,5.8947529792785645,0,0
cicids2017_distrinet,ft_transformer,unb,42,Flow IAT Max,5,5,12.162671089172363,1,0
cicids2017_distrinet,ft_transformer,unb,42,Packet Length Max,5,0,0.0,0,0
cicids2017_distrinet,ft_transformer,unb,42,Packet Length Min,5,0,0.0,0,0
cicids2017_distrinet,ft_transformer,unb,42,Packet Length Mean,5,0,0.0,0,0
cicids2017_distrinet,ft_transformer,unb,42,Average Packet Size,5,0,0.0,0,0
cicids2017_distrinet,ft_transformer,unb,42,Packet Length Variance,5,0,0.0,0,0
cicids2017_distrinet,ft_transformer,unb,42,Packet Length Std,5,0,0.0,0,0
cicids2017_distrinet,ft_transformer,unb,42,Fwd Packets/s,5,5,0.0012514847330749035,0,0
cicids2017_distrinet,ft_transformer,unb,42,Bwd Packets/s,5,5,0.0014307767851278186,0,0
cicids2017_distrinet,ft_transformer,unb,42,Flow Packets/s,5,5,0.0013059810735285282,0,0
cicids2017_distrinet,ft_transformer,unb,42,Flow Bytes/s,5,5,0.010116033256053925,0,0
cicids2017_distrinet,ft_transformer,unb,2024,Fwd Packet Length Mean,5,0,0.0,0,0
cicids2017_distrinet,ft_transformer,unb,2024,Fwd Segment Size Avg,5,0,0.0,0,0
cicids2017_distrinet,ft_transformer,unb,2024,Fwd IAT Mean,5,5,6.857279300689697,5,2
cicids2017_distrinet,ft_transformer,unb,2024,Flow Duration,5,5,10.920698165893555,5,5
cicids2017_distrinet,ft_transformer,unb,2024,Flow IAT Mean,5,5,5.8947529792785645,0,0
cicids2017_distrinet,ft_transformer,unb,2024,Flow IAT Max,5,5,12.801983833312988,1,0
cicids2017_distrinet,ft_transformer,unb,2024,Packet Length Max,5,0,0.0,0,0
cicids2017_distrinet,ft_transformer,unb,2024,Packet Length Min,5,0,0.0,0,0
cicids2017_distrinet,ft_transformer,unb,2024,Packet Length Mean,5,0,0.0,0,0
cicids2017_distrinet,ft_transformer,unb,2024,Average Packet Size,5,0,0.0,0,0
cicids2017_distrinet,ft_transformer,unb,2024,Packet Length Variance,5,0,0.0,0,0
cicids2017_distrinet,ft_transformer,unb,2024,Packet Length Std,5,0,0.0,0,0
cicids2017_distrinet,ft_transformer,unb,2024,Fwd Packets/s,5,5,0.0012514847330749035,0,0
cicids2017_distrinet,ft_transformer,unb,2024,Bwd Packets/s,5,5,0.0014334992738440633,0,0
cicids2017_distrinet,ft_transformer,unb,2024,Flow Packets/s,5,5,0.0013059810735285282,0,0
cicids2017_distrinet,ft_transformer,unb,2024,Flow Bytes/s,5,5,0.010116033256053925,1,0
cicids2017_distrinet,ft_transformer,unb,2026,Fwd Packet Length Mean,4,0,0.0,0,0
cicids2017_distrinet,ft_transformer,unb,2026,Fwd Segment Size Avg,4,0,0.0,0,0
cicids2017_distrinet,ft_transformer,unb,2026,Fwd IAT Mean,4,4,6.018232345581055,4,1
cicids2017_distrinet,ft_transformer,unb,2026,Flow Duration,4,4,10.98666000366211,4,4
cicids2017_distrinet,ft_transformer,unb,2026,Flow IAT Mean,4,4,5.150339126586914,0,0
cicids2017_distrinet,ft_transformer,unb,2026,Flow IAT Max,4,4,12.879308700561523,0,0
cicids2017_distrinet,ft_transformer,unb,2026,Packet Length Max,4,0,0.0,0,0
cicids2017_distrinet,ft_transformer,unb,2026,Packet Length Min,4,0,0.0,0,0
cicids2017_distrinet,ft_transformer,unb,2026,Packet Length Mean,4,0,0.0,0,0
cicids2017_distrinet,ft_transformer,unb,2026,Average Packet Size,4,0,0.0,0,0
cicids2017_distrinet,ft_transformer,unb,2026,Packet Length Variance,4,0,0.0,0,0
cicids2017_distrinet,ft_transformer,unb,2026,Packet Length Std,4,0,0.0,0,0
cicids2017_distrinet,ft_transformer,unb,2026,Fwd Packets/s,4,4,0.0012350395554676652,0,0
cicids2017_distrinet,ft_transformer,unb,2026,Bwd Packets/s,4,4,0.0014321240596473217,0,0
cicids2017_distrinet,ft_transformer,unb,2026,Flow Packets/s,4,4,0.0013010003603994846,0,0
cicids2017_distrinet,ft_transformer,unb,2026,Flow Bytes/s,4,4,0.009243224747478962,1,0
cicids2018_distrinet,mlp-s42,p75,42,Fwd Packet Length Mean,4,0,0.0,0,0
cicids2018_distrinet,mlp-s42,p75,42,Fwd Segment Size Avg,4,0,0.0,0,0
cicids2018_distrinet,mlp-s42,p75,42,Fwd IAT Mean,4,4,9.94308090209961,4,4
cicids2018_distrinet,mlp-s42,p75,42,Flow Duration,4,4,3.8367085456848145,4,4
cicids2018_distrinet,mlp-s42,p75,42,Flow IAT Mean,4,4,7.332216262817383,0,0
cicids2018_distrinet,mlp-s42,p75,42,Flow IAT Max,4,4,9.714862823486328,0,0
cicids2018_distrinet,mlp-s42,p75,42,Packet Length Max,4,0,0.0,0,0
cicids2018_distrinet,mlp-s42,p75,42,Packet Length Min,4,0,0.0,0,0
cicids2018_distrinet,mlp-s42,p75,42,Packet Length Mean,4,0,0.0,0,0
cicids2018_distrinet,mlp-s42,p75,42,Average Packet Size,4,0,0.0,0,0
cicids2018_distrinet,mlp-s42,p75,42,Packet Length Variance,4,0,0.0,0,0
cicids2018_distrinet,mlp-s42,p75,42,Packet Length Std,4,0,0.0,0,0
cicids2018_distrinet,mlp-s42,p75,42,Fwd Packets/s,4,4,0.002816484309732914,0,0
cicids2018_distrinet,mlp-s42,p75,42,Bwd Packets/s,4,4,0.002816691529005766,0,0
cicids2018_distrinet,mlp-s42,p75,42,Flow Packets/s,4,4,0.002823201473802328,0,0
cicids2018_distrinet,mlp-s42,p75,42,Flow Bytes/s,4,4,0.010419931262731552,0,0
cicids2018_distrinet,mlp-s42,p75,2024,Fwd Packet Length Mean,4,0,0.0,0,0
cicids2018_distrinet,mlp-s42,p75,2024,Fwd Segment Size Avg,4,0,0.0,0,0
cicids2018_distrinet,mlp-s42,p75,2024,Fwd IAT Mean,4,4,8.666709899902344,4,3
cicids2018_distrinet,mlp-s42,p75,2024,Flow Duration,4,4,3.344198703765869,4,4
cicids2018_distrinet,mlp-s42,p75,2024,Flow IAT Mean,4,4,6.39099645614624,0,0
cicids2018_distrinet,mlp-s42,p75,2024,Flow IAT Max,4,4,8.46778678894043,0,0
cicids2018_distrinet,mlp-s42,p75,2024,Packet Length Max,4,0,0.0,0,0
cicids2018_distrinet,mlp-s42,p75,2024,Packet Length Min,4,0,0.0,0,0
cicids2018_distrinet,mlp-s42,p75,2024,Packet Length Mean,4,0,0.0,0,0
cicids2018_distrinet,mlp-s42,p75,2024,Average Packet Size,4,0,0.0,0,0
cicids2018_distrinet,mlp-s42,p75,2024,Packet Length Variance,4,0,0.0,0,0
cicids2018_distrinet,mlp-s42,p75,2024,Packet Length Std,4,0,0.0,0,0
cicids2018_distrinet,mlp-s42,p75,2024,Fwd Packets/s,4,4,0.0027767722494900227,0,0
cicids2018_distrinet,mlp-s42,p75,2024,Bwd Packets/s,4,4,0.0027769766747951508,0,0
cicids2018_distrinet,mlp-s42,p75,2024,Flow Packets/s,4,4,0.0027833948843181133,0,0
cicids2018_distrinet,mlp-s42,p75,2024,Flow Bytes/s,4,4,0.010273012332618237,0,0
cicids2018_distrinet,mlp-s42,p75,2026,Fwd Packet Length Mean,4,0,0.0,0,0
cicids2018_distrinet,mlp-s42,p75,2026,Fwd Segment Size Avg,4,0,0.0,0,0
cicids2018_distrinet,mlp-s42,p75,2026,Fwd IAT Mean,4,4,9.074728012084961,4,3
cicids2018_distrinet,mlp-s42,p75,2026,Flow Duration,4,4,3.5016393661499023,4,4
cicids2018_distrinet,mlp-s42,p75,2026,Flow IAT Mean,4,4,6.6918768882751465,0,0
cicids2018_distrinet,mlp-s42,p75,2026,Flow IAT Max,4,4,8.866439819335938,0,0
cicids2018_distrinet,mlp-s42,p75,2026,Packet Length Max,4,0,0.0,0,0
cicids2018_distrinet,mlp-s42,p75,2026,Packet Length Min,4,0,0.0,0,0
cicids2018_distrinet,mlp-s42,p75,2026,Packet Length Mean,4,0,0.0,0,0
cicids2018_distrinet,mlp-s42,p75,2026,Average Packet Size,4,0,0.0,0,0
cicids2018_distrinet,mlp-s42,p75,2026,Packet Length Variance,4,0,0.0,0,0
cicids2018_distrinet,mlp-s42,p75,2026,Packet Length Std,4,0,0.0,0,0
cicids2018_distrinet,mlp-s42,p75,2026,Fwd Packets/s,4,4,0.002941188868135214,0,0
cicids2018_distrinet,mlp-s42,p75,2026,Bwd Packets/s,4,4,0.0029414051678031683,0,0
cicids2018_distrinet,mlp-s42,p75,2026,Flow Packets/s,4,4,0.0029482035897672176,0,0
cicids2018_distrinet,mlp-s42,p75,2026,Flow Bytes/s,4,4,0.010881290771067142,0,0
cicids2018_distrinet,mlp-s42,unb,42,Fwd Packet Length Mean,24,0,0.0,0,0
cicids2018_distrinet,mlp-s42,unb,42,Fwd Segment Size Avg,24,0,0.0,0,0
cicids2018_distrinet,mlp-s42,unb,42,Fwd IAT Mean,24,24,80.30838012695312,24,24
cicids2018_distrinet,mlp-s42,unb,42,Flow Duration,24,24,41.31782531738281,24,11
cicids2018_distrinet,mlp-s42,unb,42,Flow IAT Mean,24,24,61.41429901123047,10,0
cicids2018_distrinet,mlp-s42,unb,42,Flow IAT Max,24,24,104.62014770507812,0,0
cicids2018_distrinet,mlp-s42,unb,42,Packet Length Max,24,0,0.0,0,0
cicids2018_distrinet,mlp-s42,unb,42,Packet Length Min,24,0,0.0,0,0
cicids2018_distrinet,mlp-s42,unb,42,Packet Length Mean,24,0,0.0,0,0
cicids2018_distrinet,mlp-s42,unb,42,Average Packet Size,24,0,0.0,0,0
cicids2018_distrinet,mlp-s42,unb,42,Packet Length Variance,24,0,0.0,0,0
cicids2018_distrinet,mlp-s42,unb,42,Packet Length Std,24,0,0.0,0,0
cicids2018_distrinet,mlp-s42,unb,42,Fwd Packets/s,24,24,0.006777752190828323,0,0
cicids2018_distrinet,mlp-s42,unb,42,Bwd Packets/s,24,24,0.00677825091406703,0,0
cicids2018_distrinet,mlp-s42,unb,42,Flow Packets/s,24,24,0.006793917156755924,1,0
cicids2018_distrinet,mlp-s42,unb,42,Flow Bytes/s,24,24,0.025847945362329483,0,0
cicids2018_distrinet,mlp-s42,unb,2024,Fwd Packet Length Mean,24,0,0.0,0,0
cicids2018_distrinet,mlp-s42,unb,2024,Fwd Segment Size Avg,24,0,0.0,0,0
cicids2018_distrinet,mlp-s42,unb,2024,Fwd IAT Mean,24,24,84.21092987060547,24,24
cicids2018_distrinet,mlp-s42,unb,2024,Flow Duration,24,24,43.325645446777344,24,11
cicids2018_distrinet,mlp-s42,unb,2024,Flow IAT Mean,24,24,65.44136810302734,11,0
cicids2018_distrinet,mlp-s42,unb,2024,Flow IAT Max,24,24,109.7041015625,0,0
cicids2018_distrinet,mlp-s42,unb,2024,Packet Length Max,24,0,0.0,0,0
cicids2018_distrinet,mlp-s42,unb,2024,Packet Length Min,24,0,0.0,0,0
cicids2018_distrinet,mlp-s42,unb,2024,Packet Length Mean,24,0,0.0,0,0
cicids2018_distrinet,mlp-s42,unb,2024,Average Packet Size,24,0,0.0,0,0
cicids2018_distrinet,mlp-s42,unb,2024,Packet Length Variance,24,0,0.0,0,0
cicids2018_distrinet,mlp-s42,unb,2024,Packet Length Std,24,0,0.0,0,0
cicids2018_distrinet,mlp-s42,unb,2024,Fwd Packets/s,24,24,0.006749974563717842,0,0
cicids2018_distrinet,mlp-s42,unb,2024,Bwd Packets/s,24,24,0.0067504714243113995,0,0
cicids2018_distrinet,mlp-s42,unb,2024,Flow Packets/s,24,24,0.006766072940081358,0,0
cicids2018_distrinet,mlp-s42,unb,2024,Flow Bytes/s,24,24,0.025768131017684937,0,0
cicids2018_distrinet,mlp-s42,unb,2026,Fwd Packet Length Mean,28,0,0.0,0,0
cicids2018_distrinet,mlp-s42,unb,2026,Fwd Segment Size Avg,28,0,0.0,0,0
cicids2018_distrinet,mlp-s42,unb,2026,Fwd IAT Mean,28,28,75.66972351074219,28,27
cicids2018_distrinet,mlp-s42,unb,2026,Flow Duration,28,28,38.9312858581543,28,15
cicids2018_distrinet,mlp-s42,unb,2026,Flow IAT Mean,28,28,57.866973876953125,11,0
cicids2018_distrinet,mlp-s42,unb,2026,Flow IAT Max,28,28,98.57722473144531,0,0
cicids2018_distrinet,mlp-s42,unb,2026,Packet Length Max,28,0,0.0,0,0
cicids2018_distrinet,mlp-s42,unb,2026,Packet Length Min,28,0,0.0,0,0
cicids2018_distrinet,mlp-s42,unb,2026,Packet Length Mean,28,0,0.0,0,0
cicids2018_distrinet,mlp-s42,unb,2026,Average Packet Size,28,0,0.0,0,0
cicids2018_distrinet,mlp-s42,unb,2026,Packet Length Variance,28,0,0.0,0,0
cicids2018_distrinet,mlp-s42,unb,2026,Packet Length Std,28,0,0.0,0,0
cicids2018_distrinet,mlp-s42,unb,2026,Fwd Packets/s,28,28,0.006130499765276909,0,0
cicids2018_distrinet,mlp-s42,unb,2026,Bwd Packets/s,28,28,0.006130950525403023,0,0
cicids2018_distrinet,mlp-s42,unb,2026,Flow Packets/s,28,28,0.006145120598375797,0,0
cicids2018_distrinet,mlp-s42,unb,2026,Flow Bytes/s,28,28,0.022781148552894592,0,0
cicids2018_distrinet,cnn-s42,unb,42,Fwd Packet Length Mean,14,0,0.0,0,0
cicids2018_distrinet,cnn-s42,unb,42,Fwd Segment Size Avg,14,0,0.0,0,0
cicids2018_distrinet,cnn-s42,unb,42,Fwd IAT Mean,14,14,73.5859375,1,0
cicids2018_distrinet,cnn-s42,unb,42,Flow Duration,14,14,35.738792419433594,10,5
cicids2018_distrinet,cnn-s42,unb,42,Flow IAT Mean,14,14,59.71128845214844,2,5
cicids2018_distrinet,cnn-s42,unb,42,Flow IAT Max,14,14,90.49356079101562,4,10
cicids2018_distrinet,cnn-s42,unb,42,Packet Length Max,14,0,0.0,0,0
cicids2018_distrinet,cnn-s42,unb,42,Packet Length Min,14,0,0.0,0,0
cicids2018_distrinet,cnn-s42,unb,42,Packet Length Mean,14,0,0.0,0,0
cicids2018_distrinet,cnn-s42,unb,42,Average Packet Size,14,0,0.0,0,0
cicids2018_distrinet,cnn-s42,unb,42,Packet Length Variance,14,0,0.0,0,0
cicids2018_distrinet,cnn-s42,unb,42,Packet Length Std,14,0,0.0,0,0
cicids2018_distrinet,cnn-s42,unb,42,Fwd Packets/s,14,14,0.04331276938319206,0,0
cicids2018_distrinet,cnn-s42,unb,42,Bwd Packets/s,14,14,0.03468373045325279,0,0
cicids2018_distrinet,cnn-s42,unb,42,Flow Packets/s,14,14,0.03907446190714836,1,1
cicids2018_distrinet,cnn-s42,unb,42,Flow Bytes/s,14,14,0.024145815521478653,1,0
cicids2018_distrinet,cnn-s42,unb,2024,Fwd Packet Length Mean,15,0,0.0,0,0
cicids2018_distrinet,cnn-s42,unb,2024,Fwd Segment Size Avg,15,0,0.0,0,0
cicids2018_distrinet,cnn-s42,unb,2024,Fwd IAT Mean,15,15,54.506134033203125,1,0
cicids2018_distrinet,cnn-s42,unb,2024,Flow Duration,15,15,31.564435958862305,12,6
cicids2018_distrinet,cnn-s42,unb,2024,Flow IAT Mean,15,15,46.89283752441406,2,6
cicids2018_distrinet,cnn-s42,unb,2024,Flow IAT Max,15,15,79.92375183105469,2,10
cicids2018_distrinet,cnn-s42,unb,2024,Packet Length Max,15,0,0.0,0,0
cicids2018_distrinet,cnn-s42,unb,2024,Packet Length Min,15,0,0.0,0,0
cicids2018_distrinet,cnn-s42,unb,2024,Packet Length Mean,15,0,0.0,0,0
cicids2018_distrinet,cnn-s42,unb,2024,Average Packet Size,15,0,0.0,0,0
cicids2018_distrinet,cnn-s42,unb,2024,Packet Length Variance,15,0,0.0,0,0
cicids2018_distrinet,cnn-s42,unb,2024,Packet Length Std,15,0,0.0,0,0
cicids2018_distrinet,cnn-s42,unb,2024,Fwd Packets/s,15,15,0.04014663025736809,0,0
cicids2018_distrinet,cnn-s42,unb,2024,Bwd Packets/s,15,15,0.03446821868419647,0,0
cicids2018_distrinet,cnn-s42,unb,2024,Flow Packets/s,15,15,0.037387579679489136,1,1
cicids2018_distrinet,cnn-s42,unb,2024,Flow Bytes/s,15,15,0.02386217936873436,1,0
cicids2018_distrinet,cnn-s42,unb,2026,Fwd Packet Length Mean,15,0,0.0,0,0
cicids2018_distrinet,cnn-s42,unb,2026,Fwd Segment Size Avg,15,0,0.0,0,0
cicids2018_distrinet,cnn-s42,unb,2026,Fwd IAT Mean,15,15,60.91592025756836,1,0
cicids2018_distrinet,cnn-s42,unb,2026,Flow Duration,15,15,31.564435958862305,13,6
cicids2018_distrinet,cnn-s42,unb,2026,Flow IAT Mean,15,15,50.073631286621094,1,6
cicids2018_distrinet,cnn-s42,unb,2026,Flow IAT Max,15,15,79.92375183105469,2,11
cicids2018_distrinet,cnn-s42,unb,2026,Packet Length Max,15,0,0.0,0,0
cicids2018_distrinet,cnn-s42,unb,2026,Packet Length Min,15,0,0.0,0,0
cicids2018_distrinet,cnn-s42,unb,2026,Packet Length Mean,15,0,0.0,0,0
cicids2018_distrinet,cnn-s42,unb,2026,Average Packet Size,15,0,0.0,0,0
cicids2018_distrinet,cnn-s42,unb,2026,Packet Length Variance,15,0,0.0,0,0
cicids2018_distrinet,cnn-s42,unb,2026,Packet Length Std,15,0,0.0,0,0
cicids2018_distrinet,cnn-s42,unb,2026,Fwd Packets/s,15,15,0.040125854313373566,0,0
cicids2018_distrinet,cnn-s42,unb,2026,Bwd Packets/s,15,15,0.03447224199771881,0,0
cicids2018_distrinet,cnn-s42,unb,2026,Flow Packets/s,15,15,0.037387579679489136,1,1
cicids2018_distrinet,cnn-s42,unb,2026,Flow Bytes/s,15,15,0.02390497736632824,1,0
