scope,dataset,victim,condition,method,objective,budget,source_class,seed,n,raw_successes,valid_successes,validator_passes,raw_asr,valid_asr,validity_gap_pp,validator_pass_rate,mean_model_evaluations,mean_l2_robust_scaled,mean_linf_robust_scaled,mean_l2_train_minmax,mean_features_modified,max_modified_outside_mask,median_primitive_cost_valid,median_p_valid,median_delay_valid,runtime_seconds,ms_per_flow
victim,cicids2017_distrinet,mlp,prim_hybrid_p75_targeted,Hybrid Search targeted→Benign,targeted,p75,ALL,42,3200,354,354,3200,0.110625,0.110625,0.0,1.0,188.315,3450.259279810455,3450.17333550408,0.038576702788026794,15.014375,0,1.3999998569488525,27.0,319355.0,9.178194199688733,2.868185687402729
victim,cicids2017_distrinet,mlp,prim_hybrid_p75_targeted,Hybrid Search targeted→Benign,targeted,p75,ALL,2024,3200,354,354,3200,0.110625,0.110625,0.0,1.0,188.315,3442.3737891798373,3442.287737889721,0.038517957520654046,15.023125,0,1.4000020623207092,27.5,289850.5,9.058130599791184,2.830665812434745
victim,cicids2017_distrinet,mlp,prim_hybrid_p75_targeted,Hybrid Search targeted→Benign,targeted,p75,ALL,2026,3200,354,354,3200,0.110625,0.110625,0.0,1.0,188.315,3443.7033693752,3443.6174863948054,0.038506595423346494,15.0196875,0,1.3999994993209839,27.0,329732.0,8.994982099859044,2.8109319062059512
victim,cicids2017_distrinet,cnn,prim_hybrid_p75_targeted,Hybrid Search targeted→Benign,targeted,p75,ALL,42,3200,1157,1157,3200,0.3615625,0.3615625,0.0,1.0,188.36625,2922.5345266898485,2922.4510029907974,0.03535656905711391,14.96125,0,1.6087117195129395,53.0,1371457.0,9.725573800271377,3.0392418125848053
victim,cicids2017_distrinet,cnn,prim_hybrid_p75_targeted,Hybrid Search targeted→Benign,targeted,p75,ALL,2024,3200,1156,1156,3200,0.36125,0.36125,0.0,1.0,188.36625,2923.182912619044,2923.098281004001,0.03544147718678911,14.97625,0,1.6038639545440674,52.0,1348141.5,9.062672399915755,2.8320851249736734
victim,cicids2017_distrinet,cnn,prim_hybrid_p75_targeted,Hybrid Search targeted→Benign,targeted,p75,ALL,2026,3200,1157,1157,3200,0.3615625,0.3615625,0.0,1.0,188.36625,2927.392929159863,2927.30875302387,0.035344377470630815,14.9375,0,1.6112985610961914,53.0,1344153.0,9.583616900024936,2.9948802812577924
victim,cicids2017_distrinet,ft_transformer,prim_hybrid_p75_targeted,Hybrid Search targeted→Benign,targeted,p75,ALL,42,3200,14,14,3200,0.004375,0.004375,0.0,1.0,188.213125,3310.2877437012457,3310.206280579618,0.034242781718439676,14.970625,0,0.19615384936332703,15.0,0.0,38.864297500113025,12.14509296878532
victim,cicids2017_distrinet,ft_transformer,prim_hybrid_p75_targeted,Hybrid Search targeted→Benign,targeted,p75,ALL,2024,3200,14,14,3200,0.004375,0.004375,0.0,1.0,188.213125,3307.7889529103686,3307.7074898187484,0.03423356660915279,14.9759375,0,0.19615384936332703,15.0,0.0,39.544506300240755,12.357658218825236
victim,cicids2017_distrinet,ft_transformer,prim_hybrid_p75_targeted,Hybrid Search targeted→Benign,targeted,p75,ALL,2026,3200,14,14,3200,0.004375,0.004375,0.0,1.0,188.213125,3308.4167168547215,3308.33631483072,0.03423166579846773,14.966875,0,0.19615384936332703,15.0,0.0,38.92608239990659,12.16440074997081
victim,cicids2018_distrinet,mlp-s42,prim_hybrid_p75_targeted,Hybrid Search targeted→Benign,targeted,p75,ALL,42,3200,42,10,2396,0.013125,0.003125,0.9999999999999999,0.74875,192.855,377.1150246629861,376.6815366631989,0.023702269512293643,8.7440625,0,0.9999999403953552,0.0,5618281.0,9.869587399763986,3.0842460624262458
victim,cicids2018_distrinet,mlp-s42,prim_hybrid_p75_targeted,Hybrid Search targeted→Benign,targeted,p75,ALL,2024,3200,41,10,2398,0.0128125,0.003125,0.9687499999999998,0.749375,192.855,377.2458088071512,376.81463550151557,0.023719914016636555,8.740625,0,0.9999999105930328,0.0,5618281.0,9.833624500082806,3.073007656275877
victim,cicids2018_distrinet,mlp-s42,prim_hybrid_p75_targeted,Hybrid Search targeted→Benign,targeted,p75,ALL,2026,3200,40,8,2398,0.0125,0.0025,1.0,0.749375,192.855,378.1932950205779,377.75871885220886,0.023698030256888925,8.7290625,0,0.9999999403953552,0.0,5954747.0,9.732481299666688,3.04140040614584
victim,cicids2018_distrinet,cnn-s42,prim_hybrid_p75_targeted,Hybrid Search targeted→Benign,targeted,p75,ALL,42,3200,480,0,759,0.15,0.0,15.0,0.2371875,192.7915625,378.1607796675231,375.8635575574631,0.043369111903390926,13.6403125,0,,,,9.90860449965112,3.0964389061409747
victim,cicids2018_distrinet,cnn-s42,prim_hybrid_p75_targeted,Hybrid Search targeted→Benign,targeted,p75,ALL,2024,3200,480,0,760,0.15,0.0,15.0,0.2375,192.7915625,371.172891141753,368.8917551029868,0.04322789181228217,13.64875,0,,,,9.345332300057635,2.920416343768011
victim,cicids2018_distrinet,cnn-s42,prim_hybrid_p75_targeted,Hybrid Search targeted→Benign,targeted,p75,ALL,2026,3200,480,0,758,0.15,0.0,15.0,0.236875,192.7915625,372.60979773129753,370.3193433907964,0.04325137860777258,13.6421875,0,,,,9.506183600053191,2.9706823750166222
victim,cicids2018_distrinet,ft_transformer-s42,prim_hybrid_p75_targeted,Hybrid Search targeted→Benign,targeted,p75,ALL,42,3200,11,0,762,0.0034375,0.0,0.34375,0.238125,192.855,259.92745800657826,257.96967416666666,0.04231721202501465,14.2340625,0,,,,40.615690799895674,12.692403374967398
victim,cicids2018_distrinet,ft_transformer-s42,prim_hybrid_p75_targeted,Hybrid Search targeted→Benign,targeted,p75,ALL,2024,3200,11,0,762,0.0034375,0.0,0.34375,0.238125,192.855,258.73121761699196,256.7718900781898,0.04233468432304497,14.1825,0,,,,40.62446339940652,12.695144812314538
victim,cicids2018_distrinet,ft_transformer-s42,prim_hybrid_p75_targeted,Hybrid Search targeted→Benign,targeted,p75,ALL,2026,3200,10,0,762,0.003125,0.0,0.3125,0.238125,192.855,258.0487489226623,256.0959492448565,0.04229162140761525,14.2225,0,,,,41.114763899939135,12.84836371873098
victim,cicids2017_distrinet,mlp,prim_hybrid_p75_untargeted,Hybrid Search untargeted,untargeted,p75,ALL,42,3200,354,354,3200,0.110625,0.110625,0.0,1.0,188.315,3447.148063731897,3447.0621194714713,0.03856181897181603,15.008125,0,1.3999998569488525,27.0,319355.0,10.562128100078553,3.300665031274548
victim,cicids2017_distrinet,mlp,prim_hybrid_p75_untargeted,Hybrid Search untargeted,untargeted,p75,ALL,2024,3200,354,354,3200,0.110625,0.110625,0.0,1.0,188.315,3439.2625731012795,3439.1765218571127,0.03850307370444328,15.016875,0,1.4000020623207092,27.5,289850.5,10.004117799922824,3.1262868124758825
victim,cicids2017_distrinet,mlp,prim_hybrid_p75_untargeted,Hybrid Search untargeted,untargeted,p75,ALL,2026,3200,354,354,3200,0.110625,0.110625,0.0,1.0,188.315,3440.592153296642,3440.506270362197,0.03849171160713573,15.0134375,0,1.3999994993209839,27.0,329732.0,10.206539700040594,3.1895436562626855
victim,cicids2017_distrinet,cnn,prim_hybrid_p75_untargeted,Hybrid Search untargeted,untargeted,p75,ALL,42,3200,1174,1174,3200,0.366875,0.366875,0.0,1.0,188.2134375,2916.4368909380837,2916.354206765244,0.03516279709642007,14.9121875,0,1.6069518327713013,52.0,1361788.5,8.518726600101218,2.6621020625316305
victim,cicids2017_distrinet,cnn,prim_hybrid_p75_untargeted,Hybrid Search untargeted,untargeted,p75,ALL,2024,3200,1172,1172,3200,0.36625,0.36625,0.0,1.0,188.2134375,2915.973537879709,2915.890712584097,0.03520725378023754,14.9159375,0,1.6046198606491089,52.0,1358122.5,8.42190649965778,2.6318457811430562
victim,cicids2017_distrinet,cnn,prim_hybrid_p75_untargeted,Hybrid Search untargeted,untargeted,p75,ALL,2026,3200,1174,1174,3200,0.366875,0.366875,0.0,1.0,188.2134375,2922.688336068812,2922.6050146061193,0.03512911156976621,14.8825,0,1.6115890145301819,52.0,1346230.5,8.613890500273556,2.691840781335486
victim,cicids2017_distrinet,ft_transformer,prim_hybrid_p75_untargeted,Hybrid Search untargeted,untargeted,p75,ALL,42,3200,16,16,3200,0.005,0.005,0.0,1.0,188.05625,2636.99709374025,2636.9182506066295,0.03210709145305694,13.329375,0,0.19230769574642181,14.5,0.0,39.17405930021778,12.241893531318055
victim,cicids2017_distrinet,ft_transformer,prim_hybrid_p75_untargeted,Hybrid Search untargeted,untargeted,p75,ALL,2024,3200,16,16,3200,0.005,0.005,0.0,1.0,188.05625,2636.2433136594423,2636.1635174430476,0.03208149796726988,13.3171875,0,0.19230769574642181,14.5,0.0,38.715684299590066,12.098651343621896
victim,cicids2017_distrinet,ft_transformer,prim_hybrid_p75_untargeted,Hybrid Search untargeted,untargeted,p75,ALL,2026,3200,16,16,3200,0.005,0.005,0.0,1.0,188.05625,2640.0816713730824,2640.001882141079,0.032092646187495105,13.3203125,0,0.19230769574642181,14.5,0.0,39.01555830007419,12.192361968773184
victim,cicids2018_distrinet,mlp-s42,prim_hybrid_p75_untargeted,Hybrid Search untargeted,untargeted,p75,ALL,42,3200,385,6,2376,0.1203125,0.001875,11.84375,0.7425,192.855,396.45436955808975,394.66950082986557,0.025539759161923713,8.708125,0,0.9644812345504761,0.0,2806223.5,11.462600099854171,3.5820625312044285
victim,cicids2018_distrinet,mlp-s42,prim_hybrid_p75_untargeted,Hybrid Search untargeted,untargeted,p75,ALL,2024,3200,384,7,2377,0.12,0.0021875,11.78125,0.7428125,192.855,396.4991593708717,394.71404050151557,0.025539110081894637,8.7175,0,0.9999998211860657,0.0,3692334.0,10.798521499615163,3.3745379686297383
victim,cicids2018_distrinet,mlp-s42,prim_hybrid_p75_untargeted,Hybrid Search untargeted,untargeted,p75,ALL,2026,3200,383,5,2372,0.1196875,0.0015625,11.8125,0.74125,192.855,397.0917925247005,395.30628968554214,0.025577637182855342,8.7134375,0,0.9999998807907104,0.0,5849704.0,10.886758800130337,3.4021121250407305
victim,cicids2018_distrinet,cnn-s42,prim_hybrid_p75_untargeted,Hybrid Search untargeted,untargeted,p75,ALL,42,3200,490,1,760,0.153125,0.0003125,15.281250000000002,0.2375,192.7915625,382.8955002498787,380.90695255746306,0.04268092097400862,13.561875,0,0.23140014708042145,0.0,551187.0,10.135942599736154,3.167482062417548
victim,cicids2018_distrinet,cnn-s42,prim_hybrid_p75_untargeted,Hybrid Search untargeted,untargeted,p75,ALL,2024,3200,490,1,761,0.153125,0.0003125,15.281250000000002,0.2378125,192.7915625,376.2388447200442,374.26989593632015,0.042533016391016865,13.576875,0,0.4322364926338196,0.0,68996.0,9.648094699718058,3.015029593661893
victim,cicids2018_distrinet,cnn-s42,prim_hybrid_p75_untargeted,Hybrid Search untargeted,untargeted,p75,ALL,2026,3200,490,1,759,0.153125,0.0003125,15.281250000000002,0.2371875,192.7915625,377.5398828271495,375.5528492241298,0.0425657569447312,13.5675,0,0.8125665187835693,0.0,126825.0,9.380247099790722,2.9313272186846007
victim,cicids2018_distrinet,ft_transformer-s42,prim_hybrid_p75_untargeted,Hybrid Search untargeted,untargeted,p75,ALL,42,3200,11,0,762,0.0034375,0.0,0.34375,0.238125,192.855,269.7606561359775,267.42401,0.04214050894825144,14.736875,0,,,,40.83283070009202,12.760259593778756
victim,cicids2018_distrinet,ft_transformer-s42,prim_hybrid_p75_untargeted,Hybrid Search untargeted,untargeted,p75,ALL,2024,3200,11,0,762,0.0034375,0.0,0.34375,0.238125,192.855,268.6111791520454,266.2732283333333,0.042157217522213894,14.724375,0,,,,40.385251900181174,12.620391218806617
victim,cicids2018_distrinet,ft_transformer-s42,prim_hybrid_p75_untargeted,Hybrid Search untargeted,untargeted,p75,ALL,2026,3200,10,0,762,0.003125,0.0,0.3125,0.238125,192.855,267.9554003932619,265.62629416666664,0.04211457150302355,14.7334375,0,,,,40.375500000081956,12.617343750025611
class,cicids2017_distrinet,mlp,prim_hybrid_p75_targeted,Hybrid Search targeted→Benign,targeted,p75,DoS,42,800,231,231,800,0.28875,0.28875,0.0,1.0,251.1825,2124.631209077434,2124.319463325877,0.045908612766287465,19.81375,0,1.4570605754852295,38.0,204167.0,2.3845265998970717,2.9806582498713396
class,cicids2017_distrinet,mlp,prim_hybrid_p75_targeted,Hybrid Search targeted→Benign,targeted,p75,DoS,2024,800,231,231,800,0.28875,0.28875,0.0,1.0,251.1825,2125.618895040202,2125.306719607571,0.046022758469961414,19.8325,0,1.4956843852996826,38.0,199755.0,2.219726199982688,2.77465774997836
class,cicids2017_distrinet,mlp,prim_hybrid_p75_targeted,Hybrid Search targeted→Benign,targeted,p75,DoS,2026,800,231,231,800,0.28875,0.28875,0.0,1.0,251.1825,2122.7298328334764,2122.417561453996,0.04589168287294235,19.8275,0,1.4444409608840942,38.0,201935.0,2.262681999942288,2.8283524999278598
class,cicids2017_distrinet,mlp,prim_hybrid_p75_targeted,Hybrid Search targeted→Benign,targeted,p75,DDoS,42,800,106,106,800,0.1325,0.1325,0.0,1.0,245.92,7876.091243307925,7876.087782482306,0.0378082431661509,19.63125,0,1.2746353149414062,2.0,1663526.0,2.480908599914983,3.1011357498937286
class,cicids2017_distrinet,mlp,prim_hybrid_p75_targeted,Hybrid Search targeted→Benign,targeted,p75,DDoS,2024,800,106,106,800,0.1325,0.1325,0.0,1.0,245.92,7845.0159695906,7845.012510743175,0.037468184593945464,19.64625,0,1.3333331942558289,2.0,1479313.0,2.508712299866602,3.1358903748332523
class,cicids2017_distrinet,mlp,prim_hybrid_p75_targeted,Hybrid Search targeted→Benign,targeted,p75,DDoS,2026,800,106,106,800,0.1325,0.1325,0.0,1.0,245.92,7851.566052332203,7851.562592264914,0.03761863019012831,19.64125,0,1.3214144110679626,2.0,1509788.0,2.4850698998197913,3.106337374774739
class,cicids2017_distrinet,mlp,prim_hybrid_p75_targeted,Hybrid Search targeted→Benign,targeted,p75,Recon,42,800,0,0,800,0.0,0.0,0.0,1.0,3.8575,12.608411985426365,12.606805258737277,9.323545881943097e-05,0.15125,0,,,,2.2376304999925196,2.7970381249906495
class,cicids2017_distrinet,mlp,prim_hybrid_p75_targeted,Hybrid Search targeted→Benign,targeted,p75,Recon,2024,800,0,0,800,0.0,0.0,0.0,1.0,3.8575,12.608411985426365,12.606805258737277,9.323545881943097e-05,0.15125,0,,,,2.2459831999149173,2.8074789998936467
class,cicids2017_distrinet,mlp,prim_hybrid_p75_targeted,Hybrid Search targeted→Benign,targeted,p75,Recon,2026,800,0,0,800,0.0,0.0,0.0,1.0,3.8575,12.608411985426365,12.606805258737277,9.323545881943097e-05,0.15125,0,,,,2.2195205001626164,2.7744006252032705
class,cicids2017_distrinet,mlp,prim_hybrid_p75_targeted,Hybrid Search targeted→Benign,targeted,p75,BruteForce,42,800,17,17,800,0.02125,0.02125,0.0,1.0,252.3,3787.7062548710346,3787.6792909494015,0.07049671976084937,20.46125,0,0.8717948794364929,60.0,0.0,2.0751284998841584,2.593910624855198
class,cicids2017_distrinet,mlp,prim_hybrid_p75_targeted,Hybrid Search targeted→Benign,targeted,p75,BruteForce,2024,800,17,17,800,0.02125,0.02125,0.0,1.0,252.3,3786.2518801031215,3786.2249159494013,0.07048765155988987,20.4625,0,0.8717948794364929,60.0,0.0,2.083708900026977,2.6046361250337213
class,cicids2017_distrinet,mlp,prim_hybrid_p75_targeted,Hybrid Search targeted→Benign,targeted,p75,BruteForce,2026,800,17,17,800,0.02125,0.02125,0.0,1.0,252.3,3787.909180349696,3787.8829866015753,0.07042283317149588,20.45875,0,0.8548339009284973,52.0,0.0,2.0277096999343485,2.5346371249179356
class,cicids2017_distrinet,cnn,prim_hybrid_p75_targeted,Hybrid Search targeted→Benign,targeted,p75,DoS,42,800,395,395,800,0.49375,0.49375,0.0,1.0,251.08625,1940.7805654067952,1940.4635764359998,0.043345691037801774,19.3175,0,1.536452054977417,45.0,202942.0,2.3806280000135303,2.975785000016913
class,cicids2017_distrinet,cnn,prim_hybrid_p75_targeted,Hybrid Search targeted→Benign,targeted,p75,DoS,2024,800,394,394,800,0.4925,0.4925,0.0,1.0,251.08625,1921.6095411701526,1921.2882319670753,0.04365067226755852,19.38625,0,1.5558324456214905,46.5,201650.5,2.1445653999689966,2.680706749961246
class,cicids2017_distrinet,cnn,prim_hybrid_p75_targeted,Hybrid Search targeted→Benign,targeted,p75,DoS,2026,800,395,395,800,0.49375,0.49375,0.0,1.0,251.08625,1951.4448834473549,1951.125228742204,0.04339230557331871,19.27,0,1.539506435394287,45.0,202917.0,2.5796918000560254,3.2246147500700317
class,cicids2017_distrinet,cnn,prim_hybrid_p75_targeted,Hybrid Search targeted→Benign,targeted,p75,DDoS,42,800,287,287,800,0.35875,0.35875,0.0,1.0,245.92,6580.938852502691,6580.935391177958,0.03317230236892089,19.65,0,1.223473310470581,2.0,1781387.0,2.8798966000322253,3.5998707500402816
class,cicids2017_distrinet,cnn,prim_hybrid_p75_targeted,Hybrid Search targeted→Benign,targeted,p75,DDoS,2024,800,287,287,800,0.35875,0.35875,0.0,1.0,245.92,6596.914967894815,6596.911505308392,0.03338976608735234,19.6725,0,1.252929449081421,2.0,1928660.0,2.8436318999156356,3.5545398748945445
class,cicids2017_distrinet,cnn,prim_hybrid_p75_targeted,Hybrid Search targeted→Benign,targeted,p75,DDoS,2026,800,287,287,800,0.35875,0.35875,0.0,1.0,245.92,6569.856489075881,6569.853027047523,0.03327349013293069,19.62875,0,1.2409701347351074,2.0,1840326.0,2.586153700016439,3.2326921250205487
class,cicids2017_distrinet,cnn,prim_hybrid_p75_targeted,Hybrid Search targeted→Benign,targeted,p75,Recon,42,800,1,1,800,0.00125,0.00125,0.0,1.0,3.54,0.14693536834469112,0.145227916224671,2.9946614064463067e-05,0.1275,0,0.7792055606842041,0.0,6198.0,2.233929900219664,2.79241237527458
class,cicids2017_distrinet,cnn,prim_hybrid_p75_targeted,Hybrid Search targeted→Benign,targeted,p75,Recon,2024,800,1,1,800,0.00125,0.00125,0.0,1.0,3.54,0.15889189745285287,0.15718443796380144,2.9985791140949673e-05,0.1275,0,0.9999678730964661,0.0,7954.0,2.174266600050032,2.71783325006254
class,cicids2017_distrinet,cnn,prim_hybrid_p75_targeted,Hybrid Search targeted→Benign,targeted,p75,Recon,2026,800,1,1,800,0.00125,0.00125,0.0,1.0,3.54,0.15082125337639193,0.14911378578988838,2.997715681733065e-05,0.12875,0,0.9474173784255981,0.0,7536.0,2.1761753000319004,2.7202191250398755
class,cicids2017_distrinet,cnn,prim_hybrid_p75_targeted,Hybrid Search targeted→Benign,targeted,p75,BruteForce,42,800,474,474,800,0.5925,0.5925,0.0,1.0,252.91875,3168.2717534815615,3168.2598164330066,0.0648783362076685,20.75,0,1.6666667461395264,67.0,1674416.5,2.2311193000059575,2.788899125007447
class,cicids2017_distrinet,cnn,prim_hybrid_p75_targeted,Hybrid Search targeted→Benign,targeted,p75,BruteForce,2024,800,474,474,800,0.5925,0.5925,0.0,1.0,252.91875,3174.0482495137553,3174.0362023025723,0.06469548460110464,20.71875,0,1.6585968136787415,67.0,1649359.0,1.9002084999810904,2.375260624976363
class,cicids2017_distrinet,cnn,prim_hybrid_p75_targeted,Hybrid Search targeted→Benign,targeted,p75,BruteForce,2026,800,474,474,800,0.5925,0.5925,0.0,1.0,252.91875,3188.119522862837,3188.1076425199635,0.06468173701945651,20.7225,0,1.6700319051742554,66.5,1703240.0,2.241596099920571,2.8019951249007136
class,cicids2017_distrinet,ft_transformer,prim_hybrid_p75_targeted,Hybrid Search targeted→Benign,targeted,p75,DoS,42,800,3,3,800,0.00375,0.00375,0.0,1.0,251.375,2238.1403080560835,2237.8304549517943,0.05018758171218715,19.745,0,0.20000000298023224,8.0,0.0,11.91575470007956,14.89469337509945
class,cicids2017_distrinet,ft_transformer,prim_hybrid_p75_targeted,Hybrid Search targeted→Benign,targeted,p75,DoS,2024,800,3,3,800,0.00375,0.00375,0.0,1.0,251.375,2237.422429184017,2237.1125745170116,0.050188327466013434,19.745,0,0.20000000298023224,8.0,0.0,12.163133900146931,15.203917375183664
class,cicids2017_distrinet,ft_transformer,prim_hybrid_p75_targeted,Hybrid Search targeted→Benign,targeted,p75,DoS,2026,800,3,3,800,0.00375,0.00375,0.0,1.0,251.375,2238.5924230612272,2238.2868147822887,0.050189501394492325,19.7325,0,0.20000000298023224,8.0,0.0,11.824124399805441,14.780155499756802
class,cicids2017_distrinet,ft_transformer,prim_hybrid_p75_targeted,Hybrid Search targeted→Benign,targeted,p75,DDoS,42,800,0,0,800,0.0,0.0,0.0,1.0,245.92,7225.66741033024,7225.6642700960565,0.03425715413280318,19.54,0,,,,13.182567700045183,16.47820962505648
class,cicids2017_distrinet,ft_transformer,prim_hybrid_p75_targeted,Hybrid Search targeted→Benign,targeted,p75,DDoS,2024,800,0,0,800,0.0,0.0,0.0,1.0,245.92,7214.596730908126,7214.593590748231,0.0342149568139522,19.5625,0,,,,13.51255219988525,16.89069024985656
class,cicids2017_distrinet,ft_transformer,prim_hybrid_p75_targeted,Hybrid Search targeted→Benign,targeted,p75,DDoS,2026,800,0,0,800,0.0,0.0,0.0,1.0,245.92,7215.986730885504,7215.983590748231,0.03421599373696807,19.54,0,,,,13.20718300016597,16.50897875020746
class,cicids2017_distrinet,ft_transformer,prim_hybrid_p75_targeted,Hybrid Search targeted→Benign,targeted,p75,Recon,42,800,0,0,800,0.0,0.0,0.0,1.0,3.8575,0.37298040885135947,0.3713704761285819,4.427410117905019e-05,0.15125,0,,,,2.577700700145215,3.2221258751815185
class,cicids2017_distrinet,ft_transformer,prim_hybrid_p75_targeted,Hybrid Search targeted→Benign,targeted,p75,Recon,2024,800,0,0,800,0.0,0.0,0.0,1.0,3.8575,0.37298040885135947,0.3713704761285819,4.427410117905019e-05,0.15125,0,,,,2.5855220002122223,3.231902500265278
class,cicids2017_distrinet,ft_transformer,prim_hybrid_p75_targeted,Hybrid Search targeted→Benign,targeted,p75,Recon,2026,800,0,0,800,0.0,0.0,0.0,1.0,3.8575,0.37298040885135947,0.3713704761285819,4.427410117905019e-05,0.15125,0,,,,2.5934176000300795,3.2417720000375994
class,cicids2017_distrinet,ft_transformer,prim_hybrid_p75_targeted,Hybrid Search targeted→Benign,targeted,p75,BruteForce,42,800,11,11,800,0.01375,0.01375,0.0,1.0,251.7,3776.970276009807,3776.9590267944923,0.05248211692758933,20.44625,0,0.19230769574642181,15.0,0.0,11.188274399843067,13.985342999803834
class,cicids2017_distrinet,ft_transformer,prim_hybrid_p75_targeted,Hybrid Search targeted→Benign,targeted,p75,BruteForce,2024,800,11,11,800,0.01375,0.01375,0.0,1.0,251.7,3778.7636711404793,3778.752423533623,0.05248670805546648,20.445,0,0.19230769574642181,15.0,0.0,11.283298199996352,14.10412274999544
class,cicids2017_distrinet,ft_transformer,prim_hybrid_p75_targeted,Hybrid Search targeted→Benign,targeted,p75,BruteForce,2026,800,11,11,800,0.01375,0.01375,0.0,1.0,251.7,3778.714733063304,3778.703483316232,0.052476893961231494,20.44375,0,0.19230769574642181,15.0,0.0,11.3013573999051,14.126696749881376
class,cicids2018_distrinet,mlp-s42,prim_hybrid_p75_targeted,Hybrid Search targeted→Benign,targeted,p75,DoS,42,800,0,0,800,0.0,0.0,0.0,1.0,241.20125,0.8558222748755163,0.7929567468486275,0.0002717376993230353,2.06375,0,,,,2.7360737998969853,3.4200922498712316
class,cicids2018_distrinet,mlp-s42,prim_hybrid_p75_targeted,Hybrid Search targeted→Benign,targeted,p75,DoS,2024,800,0,0,800,0.0,0.0,0.0,1.0,241.20125,0.8811712846820836,0.8174777602150877,0.00027759066006879024,2.12,0,,,,2.6462467999663204,3.3078084999579005
class,cicids2018_distrinet,mlp-s42,prim_hybrid_p75_targeted,Hybrid Search targeted→Benign,targeted,p75,DoS,2026,800,0,0,800,0.0,0.0,0.0,1.0,241.20125,0.8713790168726879,0.8081242955343966,0.0002729771399229809,2.08,0,,,,2.6883392999880016,3.360424124985002
class,cicids2018_distrinet,mlp-s42,prim_hybrid_p75_targeted,Hybrid Search targeted→Benign,targeted,p75,DDoS,42,800,4,3,34,0.005,0.00375,0.12500000000000003,0.0425,245.48125,1126.3326339030455,1124.8982719299445,0.0848700034560919,19.495,0,0.9289625287055969,0.0,1875256.0,2.34919280000031,2.9364910000003874
class,cicids2018_distrinet,mlp-s42,prim_hybrid_p75_targeted,Hybrid Search targeted→Benign,targeted,p75,DDoS,2024,800,3,3,36,0.00375,0.00375,0.0,0.045,245.48125,1126.8381760754728,1125.4149133333333,0.08493079804226181,19.4125,0,0.9999995827674866,0.0,2058446.0,2.3778377000708133,2.9722971250885166
class,cicids2018_distrinet,mlp-s42,prim_hybrid_p75_targeted,Hybrid Search targeted→Benign,targeted,p75,DDoS,2026,800,2,1,38,0.0025,0.00125,0.125,0.0475,245.48125,1128.254550265265,1126.8175333333334,0.0848072004802979,19.4175,0,0.9000002145767212,0.0,1398066.0,2.3305603999178857,2.913200499897357
class,cicids2018_distrinet,mlp-s42,prim_hybrid_p75_targeted,Hybrid Search targeted→Benign,targeted,p75,Recon,42,800,38,7,762,0.0475,0.00875,3.875,0.9525,29.2675,381.0282360573272,380.84128,0.009241944065687483,1.42375,0,0.9999999403953552,0.0,5954753.0,2.3276217998936772,2.9095272498670965
class,cicids2018_distrinet,mlp-s42,prim_hybrid_p75_targeted,Hybrid Search targeted→Benign,targeted,p75,Recon,2024,800,38,7,762,0.0475,0.00875,3.875,0.9525,29.2675,381.0204756330735,380.83250999999996,0.009245868120465297,1.43625,0,0.9999999403953552,0.0,5954753.0,2.3300960999913514,2.912620124989189
class,cicids2018_distrinet,mlp-s42,prim_hybrid_p75_targeted,Hybrid Search targeted→Benign,targeted,p75,Recon,2026,800,38,7,760,0.0475,0.00875,3.875,0.95,29.2675,383.40383877277395,383.21557666666666,0.009286543754747792,1.425,0,0.9999999403953552,0.0,5954753.0,2.3074889997951686,2.884361249743961
class,cicids2018_distrinet,mlp-s42,prim_hybrid_p75_targeted,Hybrid Search targeted→Benign,targeted,p75,BruteForce,42,800,0,0,800,0.0,0.0,0.0,1.0,255.47,0.24340641669626512,0.19363797600265711,0.00042539282807215,11.99375,0,,,,2.456698999973014,3.0708737499662675
class,cicids2018_distrinet,mlp-s42,prim_hybrid_p75_targeted,Hybrid Search targeted→Benign,targeted,p75,BruteForce,2024,800,0,0,800,0.0,0.0,0.0,1.0,255.47,0.24341223537624126,0.19364091251378074,0.000425399243750335,11.99375,0,,,,2.4794439000543207,3.099304875067901
class,cicids2018_distrinet,mlp-s42,prim_hybrid_p75_targeted,Hybrid Search targeted→Benign,targeted,p75,BruteForce,2026,800,0,0,800,0.0,0.0,0.0,1.0,255.47,0.24341202740029888,0.19364111330086609,0.00042539965258703635,11.99375,0,,,,2.406092599965632,3.00761574995704
class,cicids2018_distrinet,cnn-s42,prim_hybrid_p75_targeted,Hybrid Search targeted→Benign,targeted,p75,DoS,42,800,0,0,5,0.0,0.0,0.0,0.00625,240.9475,48.18669095687274,48.09334666666667,0.07251387061634866,12.88,0,,,,2.904939099913463,3.6311738748918287
class,cicids2018_distrinet,cnn-s42,prim_hybrid_p75_targeted,Hybrid Search targeted→Benign,targeted,p75,DoS,2024,800,0,0,5,0.0,0.0,0.0,0.00625,240.9475,48.18929314259626,48.09459666666667,0.07251646843250399,12.96125,0,,,,2.4454691999126226,3.056836499890778
class,cicids2018_distrinet,cnn-s42,prim_hybrid_p75_targeted,Hybrid Search targeted→Benign,targeted,p75,DoS,2026,800,0,0,5,0.0,0.0,0.0,0.00625,240.9475,48.153486253045074,48.059596666666664,0.07246343496660698,12.94875,0,,,,2.6143014000263065,3.267876750032883
class,cicids2018_distrinet,cnn-s42,prim_hybrid_p75_targeted,Hybrid Search targeted→Benign,targeted,p75,DDoS,42,800,447,0,1,0.55875,0.0,55.875,0.00125,245.48125,845.9465973867307,838.3835,0.08560638353516231,19.93625,0,,,,2.1196657000109553,2.649582125013694
class,cicids2018_distrinet,cnn-s42,prim_hybrid_p75_targeted,Hybrid Search targeted→Benign,targeted,p75,DDoS,2024,800,447,0,1,0.55875,0.0,55.875,0.00125,245.48125,811.6344605291101,804.0649000000001,0.08503808973017149,19.9025,0,,,,2.1947961999103427,2.7434952498879284
class,cicids2018_distrinet,cnn-s42,prim_hybrid_p75_targeted,Hybrid Search targeted→Benign,targeted,p75,DDoS,2026,800,447,0,1,0.55875,0.0,55.875,0.00125,245.48125,810.2497860457169,802.6958166666667,0.08493263113977852,19.92375,0,,,,2.380656900117174,2.9758211251464672
class,cicids2018_distrinet,cnn-s42,prim_hybrid_p75_targeted,Hybrid Search targeted→Benign,targeted,p75,Recon,42,800,33,0,752,0.04125,0.0,4.125,0.94,29.2675,613.9719342149234,613.416086896519,0.010643332726252114,1.77,0,,,,2.359999799868092,2.949999749835115
class,cicids2018_distrinet,cnn-s42,prim_hybrid_p75_targeted,Hybrid Search targeted→Benign,targeted,p75,Recon,2024,800,33,0,753,0.04125,0.0,4.125,0.94125,29.2675,620.3346224306872,619.8492737452806,0.01064412145032794,1.7675,0,,,,2.2290805000811815,2.786350625101477
class,cicids2018_distrinet,cnn-s42,prim_hybrid_p75_targeted,Hybrid Search targeted→Benign,targeted,p75,Recon,2026,800,33,0,751,0.04125,0.0,4.125,0.93875,29.2675,627.4959544203622,626.966806896519,0.010896563090675685,1.77,0,,,,2.1122208000160754,2.640276000020094
class,cicids2018_distrinet,cnn-s42,prim_hybrid_p75_targeted,Hybrid Search targeted→Benign,targeted,p75,BruteForce,42,800,0,0,1,0.0,0.0,0.0,0.00125,255.47,4.537896111565532,3.5612966666666663,0.004712860735800635,19.975,0,,,,2.523999899858609,3.154999874823261
class,cicids2018_distrinet,cnn-s42,prim_hybrid_p75_targeted,Hybrid Search targeted→Benign,targeted,p75,BruteForce,2024,800,0,0,1,0.0,0.0,0.0,0.00125,255.47,4.533188464618505,3.5582499999999997,0.004712887636125225,19.96375,0,,,,2.475986400153488,3.09498300019186
class,cicids2018_distrinet,cnn-s42,prim_hybrid_p75_targeted,Hybrid Search targeted→Benign,targeted,p75,BruteForce,2026,800,0,0,1,0.0,0.0,0.0,0.00125,255.47,4.539964206065915,3.555153333333333,0.00471288523402914,19.92625,0,,,,2.3990044998936355,2.9987556248670444
class,cicids2018_distrinet,ft_transformer-s42,prim_hybrid_p75_targeted,Hybrid Search targeted→Benign,targeted,p75,DoS,42,800,0,0,7,0.0,0.0,0.0,0.00875,241.20125,50.69557257152177,49.759863333333335,0.07471718473231746,18.905,0,,,,11.998077899916098,14.997597374895122
class,cicids2018_distrinet,ft_transformer-s42,prim_hybrid_p75_targeted,Hybrid Search targeted→Benign,targeted,p75,DoS,2024,800,0,0,7,0.0,0.0,0.0,0.00875,241.20125,50.69529306770915,49.759863333333335,0.07471721845816828,18.8775,0,,,,11.845809999853373,14.807262499816716
class,cicids2018_distrinet,ft_transformer-s42,prim_hybrid_p75_targeted,Hybrid Search targeted→Benign,targeted,p75,DoS,2026,800,0,0,7,0.0,0.0,0.0,0.00875,241.20125,50.69415889349103,49.759863333333335,0.07471734581478892,18.8775,0,,,,12.389293200103566,15.486616500129458
class,cicids2018_distrinet,ft_transformer-s42,prim_hybrid_p75_targeted,Hybrid Search targeted→Benign,targeted,p75,DDoS,42,800,1,0,1,0.00125,0.0,0.125,0.00125,245.48125,258.2501874223595,251.54695333333333,0.07970030014814361,18.41375,0,,,,11.804460800020024,14.75557600002503
class,cicids2018_distrinet,ft_transformer-s42,prim_hybrid_p75_targeted,Hybrid Search targeted→Benign,targeted,p75,DDoS,2024,800,1,0,1,0.00125,0.0,0.125,0.00125,245.48125,258.1977232574458,251.49176666666665,0.07970136569434842,18.40375,0,,,,11.634139099856839,14.542673874821048
class,cicids2018_distrinet,ft_transformer-s42,prim_hybrid_p75_targeted,Hybrid Search targeted→Benign,targeted,p75,DDoS,2026,800,0,0,1,0.0,0.0,0.0,0.00125,245.48125,258.1158280072238,251.43300666666667,0.07970128235653694,18.41375,0,,,,11.98343629995361,14.979295374942012
class,cicids2018_distrinet,ft_transformer-s42,prim_hybrid_p75_targeted,Hybrid Search targeted→Benign,targeted,p75,Recon,42,800,10,0,753,0.0125,0.0,1.25,0.94125,29.2675,727.4619967134474,727.3838800000001,0.010202021205962246,1.7,0,,,,3.055564499925822,3.8194556249072775
class,cicids2018_distrinet,ft_transformer-s42,prim_hybrid_p75_targeted,Hybrid Search targeted→Benign,targeted,p75,Recon,2024,800,10,0,753,0.0125,0.0,1.25,0.94125,29.2675,722.7333162278306,722.6509966666666,0.010265626139583706,1.70125,0,,,,3.0330762998200953,3.791345374775119
class,cicids2018_distrinet,ft_transformer-s42,prim_hybrid_p75_targeted,Hybrid Search targeted→Benign,targeted,p75,Recon,2026,800,10,0,753,0.0125,0.0,1.25,0.94125,29.2675,720.087835481381,720.0083733333333,0.01009895797298028,1.70125,0,,,,3.045369300059974,3.8067116250749677
class,cicids2018_distrinet,ft_transformer-s42,prim_hybrid_p75_targeted,Hybrid Search targeted→Benign,targeted,p75,BruteForce,42,800,0,0,1,0.0,0.0,0.0,0.00125,255.47,3.3020753189842935,3.188,0.004649342013635265,17.9175,0,,,,13.75758760003373,17.196984500042163
class,cicids2018_distrinet,ft_transformer-s42,prim_hybrid_p75_targeted,Hybrid Search targeted→Benign,targeted,p75,BruteForce,2024,800,0,0,1,0.0,0.0,0.0,0.00125,255.47,3.298537914982342,3.1849336460926834,0.00465452700007947,17.7475,0,,,,14.111437999876216,17.63929749984527
class,cicids2018_distrinet,ft_transformer-s42,prim_hybrid_p75_targeted,Hybrid Search targeted→Benign,targeted,p75,BruteForce,2026,800,0,0,1,0.0,0.0,0.0,0.00125,255.47,3.297173308553275,3.1825536460926833,0.004648899486154857,17.8975,0,,,,13.696665099821985,17.12083137477748
class,cicids2017_distrinet,mlp,prim_hybrid_p75_untargeted,Hybrid Search untargeted,untargeted,p75,DoS,42,800,231,231,800,0.28875,0.28875,0.0,1.0,251.1825,2124.631209077434,2124.319463325877,0.045908612766287465,19.81375,0,1.4570605754852295,38.0,204167.0,2.6130223001819104,3.266277875227388
class,cicids2017_distrinet,mlp,prim_hybrid_p75_untargeted,Hybrid Search untargeted,untargeted,p75,DoS,2024,800,231,231,800,0.28875,0.28875,0.0,1.0,251.1825,2125.618895040202,2125.306719607571,0.046022758469961414,19.8325,0,1.4956843852996826,38.0,199755.0,2.4242875000927597,3.0303593751159497
class,cicids2017_distrinet,mlp,prim_hybrid_p75_untargeted,Hybrid Search untargeted,untargeted,p75,DoS,2026,800,231,231,800,0.28875,0.28875,0.0,1.0,251.1825,2122.7298328334764,2122.417561453996,0.04589168287294235,19.8275,0,1.4444409608840942,38.0,201935.0,2.4879094001371413,3.1098867501714267
class,cicids2017_distrinet,mlp,prim_hybrid_p75_untargeted,Hybrid Search untargeted,untargeted,p75,DDoS,42,800,106,106,800,0.1325,0.1325,0.0,1.0,245.92,7876.091243307925,7876.087782482306,0.0378082431661509,19.63125,0,1.2746353149414062,2.0,1663526.0,2.970228999853134,3.7127862498164177
class,cicids2017_distrinet,mlp,prim_hybrid_p75_untargeted,Hybrid Search untargeted,untargeted,p75,DDoS,2024,800,106,106,800,0.1325,0.1325,0.0,1.0,245.92,7845.0159695906,7845.012510743175,0.037468184593945464,19.64625,0,1.3333331942558289,2.0,1479313.0,2.8961276998743415,3.620159624842927
class,cicids2017_distrinet,mlp,prim_hybrid_p75_untargeted,Hybrid Search untargeted,untargeted,p75,DDoS,2026,800,106,106,800,0.1325,0.1325,0.0,1.0,245.92,7851.566052332203,7851.562592264914,0.03761863019012831,19.64125,0,1.3214144110679626,2.0,1509788.0,2.8642287999391556,3.5802859999239445
class,cicids2017_distrinet,mlp,prim_hybrid_p75_untargeted,Hybrid Search untargeted,untargeted,p75,Recon,42,800,0,0,800,0.0,0.0,0.0,1.0,3.8575,0.1635476711939477,0.16194112830249494,3.370019397636694e-05,0.12625,0,,,,2.5009427000768483,3.1261783750960603
class,cicids2017_distrinet,mlp,prim_hybrid_p75_untargeted,Hybrid Search untargeted,untargeted,p75,Recon,2024,800,0,0,800,0.0,0.0,0.0,1.0,3.8575,0.1635476711939477,0.16194112830249494,3.370019397636694e-05,0.12625,0,,,,2.359148000134155,2.948935000167694
class,cicids2017_distrinet,mlp,prim_hybrid_p75_untargeted,Hybrid Search untargeted,untargeted,p75,Recon,2026,800,0,0,800,0.0,0.0,0.0,1.0,3.8575,0.1635476711939477,0.16194112830249494,3.370019397636694e-05,0.12625,0,,,,2.413410200038925,3.016762750048656
class,cicids2017_distrinet,mlp,prim_hybrid_p75_untargeted,Hybrid Search untargeted,untargeted,p75,BruteForce,42,800,17,17,800,0.02125,0.02125,0.0,1.0,252.3,3787.7062548710346,3787.6792909494015,0.07049671976084937,20.46125,0,0.8717948794364929,60.0,0.0,2.47793409996666,3.097417624958325
class,cicids2017_distrinet,mlp,prim_hybrid_p75_untargeted,Hybrid Search untargeted,untargeted,p75,BruteForce,2024,800,17,17,800,0.02125,0.02125,0.0,1.0,252.3,3786.2518801031215,3786.2249159494013,0.07048765155988987,20.4625,0,0.8717948794364929,60.0,0.0,2.3245545998215675,2.9056932497769594
class,cicids2017_distrinet,mlp,prim_hybrid_p75_untargeted,Hybrid Search untargeted,untargeted,p75,BruteForce,2026,800,17,17,800,0.02125,0.02125,0.0,1.0,252.3,3787.909180349696,3787.8829866015753,0.07042283317149588,20.45875,0,0.8548339009284973,52.0,0.0,2.440991299925372,3.051239124906715
class,cicids2017_distrinet,cnn,prim_hybrid_p75_untargeted,Hybrid Search untargeted,untargeted,p75,DoS,42,800,395,395,800,0.49375,0.49375,0.0,1.0,251.08625,1935.9420786369176,1935.6279600318876,0.042646679701444305,19.13875,0,1.534031629562378,45.0,204131.0,2.2248262998182327,2.781032874772791
class,cicids2017_distrinet,cnn,prim_hybrid_p75_untargeted,Hybrid Search untargeted,untargeted,p75,DoS,2024,800,393,393,800,0.49125,0.49125,0.0,1.0,251.08625,1919.5597505636265,1919.2451789594725,0.04280620701539676,19.1625,0,1.555551528930664,46.0,201640.0,2.115055999951437,2.6438199999392964
class,cicids2017_distrinet,cnn,prim_hybrid_p75_untargeted,Hybrid Search untargeted,untargeted,p75,DoS,2026,800,395,395,800,0.49375,0.49375,0.0,1.0,251.08625,1954.6306597255991,1954.3139359606052,0.0426234420260138,19.07,0,1.539506435394287,45.0,202917.0,2.145251600071788,2.681564500089735
class,cicids2017_distrinet,cnn,prim_hybrid_p75_untargeted,Hybrid Search untargeted,untargeted,p75,DDoS,42,800,302,302,800,0.3775,0.3775,0.0,1.0,245.92,6561.452085731321,6561.448624873609,0.03309989834575519,19.6575,0,1.2389482855796814,2.0,1813987.0,2.3198906001634896,2.899863250204362
class,cicids2017_distrinet,cnn,prim_hybrid_p75_untargeted,Hybrid Search untargeted,untargeted,p75,DDoS,2024,800,302,302,800,0.3775,0.3775,0.0,1.0,245.92,6570.192549009812,6570.189086830132,0.03330101019656,19.68,0,1.258949100971222,2.0,1945249.0,2.239694699877873,2.7996183748473413
class,cicids2017_distrinet,cnn,prim_hybrid_p75_untargeted,Hybrid Search untargeted,untargeted,p75,DDoS,2026,800,302,302,800,0.3775,0.3775,0.0,1.0,245.92,6547.917629899245,6547.91416835187,0.03318496256002937,19.63375,0,1.2518309950828552,2.0,1854090.0,2.3072296001482755,2.8840370001853444
class,cicids2017_distrinet,cnn,prim_hybrid_p75_untargeted,Hybrid Search untargeted,untargeted,p75,Recon,42,800,3,3,800,0.00375,0.00375,0.0,1.0,2.92875,0.08164590253411182,0.08042572247283632,2.627413081228434e-05,0.1025,0,0.8999999761581421,9.0,0.0,2.0428310001734644,2.5535387502168305
class,cicids2017_distrinet,cnn,prim_hybrid_p75_untargeted,Hybrid Search untargeted,untargeted,p75,Recon,2024,800,3,3,800,0.00375,0.00375,0.0,1.0,2.92875,0.09360243164227358,0.09238224421196677,2.6313307888770946e-05,0.1025,0,0.9999678730964661,9.0,0.0,2.148722799960524,2.685903499950655
class,cicids2017_distrinet,cnn,prim_hybrid_p75_untargeted,Hybrid Search untargeted,untargeted,p75,Recon,2026,800,3,3,800,0.00375,0.00375,0.0,1.0,2.92875,0.08553178756581264,0.08431159203805372,2.6304673565151924e-05,0.10375,0,0.9474173784255981,9.0,0.0,2.2007377000991255,2.750922125123907
class,cicids2017_distrinet,cnn,prim_hybrid_p75_untargeted,Hybrid Search untargeted,untargeted,p75,BruteForce,42,800,474,474,800,0.5925,0.5925,0.0,1.0,252.91875,3168.2717534815615,3168.2598164330066,0.0648783362076685,20.75,0,1.6666667461395264,67.0,1674416.5,1.931178699946031,2.4139733749325387
class,cicids2017_distrinet,cnn,prim_hybrid_p75_untargeted,Hybrid Search untargeted,untargeted,p75,BruteForce,2024,800,474,474,800,0.5925,0.5925,0.0,1.0,252.91875,3174.0482495137553,3174.0362023025723,0.06469548460110464,20.71875,0,1.6585968136787415,67.0,1649359.0,1.918432999867946,2.3980412498349324
class,cicids2017_distrinet,cnn,prim_hybrid_p75_untargeted,Hybrid Search untargeted,untargeted,p75,BruteForce,2026,800,474,474,800,0.5925,0.5925,0.0,1.0,252.91875,3188.119522862837,3188.1076425199635,0.06468173701945651,20.7225,0,1.6700319051742554,66.5,1703240.0,1.9606715999543667,2.4508394999429584
class,cicids2017_distrinet,ft_transformer,prim_hybrid_p75_untargeted,Hybrid Search untargeted,untargeted,p75,DoS,42,800,3,3,800,0.00375,0.00375,0.0,1.0,251.375,2133.1853293571316,2132.9495326296606,0.04968494331215579,19.62375,0,0.20000000298023224,8.0,0.0,12.243126000044867,15.303907500056084
class,cicids2017_distrinet,ft_transformer,prim_hybrid_p75_untargeted,Hybrid Search untargeted,untargeted,p75,DoS,2024,800,3,3,800,0.00375,0.00375,0.0,1.0,251.375,2127.620048685657,2127.3771268452283,0.04969264675419647,19.615,0,0.20000000298023224,8.0,0.0,11.873354399809614,14.841692999762017
class,cicids2017_distrinet,ft_transformer,prim_hybrid_p75_untargeted,Hybrid Search untargeted,untargeted,p75,DoS,2026,800,3,3,800,0.00375,0.00375,0.0,1.0,251.375,2127.2868073669615,2127.045590811243,0.049638149882801484,19.62,0,0.20000000298023224,8.0,0.0,11.87983059999533,14.849788249994162
class,cicids2017_distrinet,ft_transformer,prim_hybrid_p75_untargeted,Hybrid Search untargeted,untargeted,p75,DDoS,42,800,0,0,800,0.0,0.0,0.0,1.0,245.92,4637.456701871475,4637.38872090844,0.02621598893769174,13.10625,0,,,,13.23869500006549,16.548368750081863
class,cicids2017_distrinet,ft_transformer,prim_hybrid_p75_untargeted,Hybrid Search untargeted,untargeted,p75,DDoS,2024,800,0,0,800,0.0,0.0,0.0,1.0,245.92,4638.215855497372,4638.151188603763,0.02610133571832351,13.0675,0,,,,13.229245299939066,16.536556624923833
class,cicids2017_distrinet,ft_transformer,prim_hybrid_p75_untargeted,Hybrid Search untargeted,untargeted,p75,DDoS,2026,800,0,0,800,0.0,0.0,0.0,1.0,245.92,4653.953367719746,4653.8870258211755,0.026210241422185643,13.07625,0,,,,13.462752100080252,16.828440125100315
class,cicids2017_distrinet,ft_transformer,prim_hybrid_p75_untargeted,Hybrid Search untargeted,untargeted,p75,Recon,42,800,0,0,800,0.0,0.0,0.0,1.0,3.8575,0.3716672660570262,0.3713704761285819,4.4274103081308636e-05,0.15375,0,,,,2.5986669999547303,3.248333749943413
class,cicids2017_distrinet,ft_transformer,prim_hybrid_p75_untargeted,Hybrid Search untargeted,untargeted,p75,Recon,2024,800,0,0,800,0.0,0.0,0.0,1.0,3.8575,0.37167032183925314,0.3713704761285819,4.4274103035294614e-05,0.15375,0,,,,2.567152200033888,3.2089402500423603
class,cicids2017_distrinet,ft_transformer,prim_hybrid_p75_untargeted,Hybrid Search untargeted,untargeted,p75,Recon,2026,800,0,0,800,0.0,0.0,0.0,1.0,3.8575,0.37167032183925314,0.3713704761285819,4.4274103035294614e-05,0.15375,0,,,,2.612472000066191,3.2655900000827387
class,cicids2017_distrinet,ft_transformer,prim_hybrid_p75_untargeted,Hybrid Search untargeted,untargeted,p75,BruteForce,42,800,13,13,800,0.01625,0.01625,0.0,1.0,251.0725,3776.974676466337,3776.963378412288,0.05248315945929893,20.43375,0,0.19230769574642181,15.0,0.0,11.09357130015269,13.866964125190862
class,cicids2017_distrinet,ft_transformer,prim_hybrid_p75_untargeted,Hybrid Search untargeted,untargeted,p75,BruteForce,2024,800,13,13,800,0.01625,0.01625,0.0,1.0,251.0725,3778.7656801329013,3778.754383847071,0.05248773529352425,20.4325,0,0.19230769574642181,15.0,0.0,11.045932399807498,13.807415499759372
class,cicids2017_distrinet,ft_transformer,prim_hybrid_p75_untargeted,Hybrid Search untargeted,untargeted,p75,BruteForce,2026,800,13,13,800,0.01625,0.01625,0.0,1.0,251.0725,3778.7148400837823,3778.7035414557668,0.052477919341958,20.43125,0,0.19230769574642181,15.0,0.0,11.060503599932417,13.825629499915522
class,cicids2018_distrinet,mlp-s42,prim_hybrid_p75_untargeted,Hybrid Search untargeted,untargeted,p75,DoS,42,800,0,0,800,0.0,0.0,0.0,1.0,241.20125,0.8558222748755163,0.7929567468486275,0.0002717376993230353,2.06375,0,,,,3.2682489999569952,4.085311249946244
class,cicids2018_distrinet,mlp-s42,prim_hybrid_p75_untargeted,Hybrid Search untargeted,untargeted,p75,DoS,2024,800,0,0,800,0.0,0.0,0.0,1.0,241.20125,0.8811712846820836,0.8174777602150877,0.00027759066006879024,2.12,0,,,,2.9164594998583198,3.6455743748228997
class,cicids2018_distrinet,mlp-s42,prim_hybrid_p75_untargeted,Hybrid Search untargeted,untargeted,p75,DoS,2026,800,0,0,800,0.0,0.0,0.0,1.0,241.20125,0.8713790168726879,0.8081242955343966,0.0002729771399229809,2.08,0,,,,3.2033357000909746,4.004169625113718
class,cicids2018_distrinet,mlp-s42,prim_hybrid_p75_untargeted,Hybrid Search untargeted,untargeted,p75,DDoS,42,800,347,3,18,0.43375,0.00375,43.00000000000001,0.0225,245.48125,1203.684793196895,1196.850128596611,0.09201021146924226,19.30125,0,0.9289625287055969,0.0,1875256.0,2.7974419000092894,3.4968023750116117
class,cicids2018_distrinet,mlp-s42,prim_hybrid_p75_untargeted,Hybrid Search untargeted,untargeted,p75,DDoS,2024,800,346,3,18,0.4325,0.00375,42.875,0.0225,245.48125,1203.8469062081783,1197.0125333333333,0.09203564919148566,19.2825,0,0.9999995827674866,0.0,2058446.0,2.594803399872035,3.2435042498400435
class,cicids2018_distrinet,mlp-s42,prim_hybrid_p75_untargeted,Hybrid Search untargeted,untargeted,p75,DDoS,2026,800,345,1,15,0.43125,0.00125,43.00000000000001,0.01875,245.48125,1203.8438681595785,1197.0078166666667,0.0921536950723551,19.3175,0,0.9000002145767212,0.0,1398066.0,2.5717519000172615,3.214689875021577
class,cicids2018_distrinet,mlp-s42,prim_hybrid_p75_untargeted,Hybrid Search untargeted,untargeted,p75,Recon,42,800,38,3,758,0.0475,0.00375,4.375,0.9475,29.2675,381.03345634389234,380.84128,0.009451694651057408,1.47375,0,0.9999999403953552,0.0,8338118.0,2.5585125000216067,3.1981406250270084
class,cicids2018_distrinet,mlp-s42,prim_hybrid_p75_untargeted,Hybrid Search untargeted,untargeted,p75,Recon,2024,800,38,4,759,0.0475,0.005,4.25,0.94875,29.2675,381.0251477552502,380.83250999999996,0.00941780123227376,1.47375,0,0.9999999105930328,0.0,6809969.5,2.622785999905318,3.2784824998816475
class,cicids2018_distrinet,mlp-s42,prim_hybrid_p75_untargeted,Hybrid Search untargeted,untargeted,p75,Recon,2026,800,38,4,757,0.0475,0.005,4.25,0.94625,29.2675,383.4085108949506,383.21557666666666,0.009458476866556254,1.4625,0,0.9999999105930328,0.0,7093911.0,2.668743900023401,3.335929875029251
class,cicids2018_distrinet,mlp-s42,prim_hybrid_p75_untargeted,Hybrid Search untargeted,untargeted,p75,BruteForce,42,800,0,0,800,0.0,0.0,0.0,1.0,255.47,0.24340641669626512,0.19363797600265711,0.00042539282807215,11.99375,0,,,,2.83839669986628,3.54799587483285
class,cicids2018_distrinet,mlp-s42,prim_hybrid_p75_untargeted,Hybrid Search untargeted,untargeted,p75,BruteForce,2024,800,0,0,800,0.0,0.0,0.0,1.0,255.47,0.24341223537624126,0.19364091251378074,0.000425399243750335,11.99375,0,,,,2.66447259997949,3.3305907499743626
class,cicids2018_distrinet,mlp-s42,prim_hybrid_p75_untargeted,Hybrid Search untargeted,untargeted,p75,BruteForce,2026,800,0,0,800,0.0,0.0,0.0,1.0,255.47,0.24341202740029888,0.19364111330086609,0.00042539965258703635,11.99375,0,,,,2.4429272999987006,3.0536591249983758
class,cicids2018_distrinet,cnn-s42,prim_hybrid_p75_untargeted,Hybrid Search untargeted,untargeted,p75,DoS,42,800,0,0,5,0.0,0.0,0.0,0.00625,240.9475,48.18669095687274,48.09334666666667,0.07251387061634866,12.88,0,,,,3.164931199979037,3.9561639999737963
class,cicids2018_distrinet,cnn-s42,prim_hybrid_p75_untargeted,Hybrid Search untargeted,untargeted,p75,DoS,2024,800,0,0,5,0.0,0.0,0.0,0.00625,240.9475,48.18929314259626,48.09459666666667,0.07251646843250399,12.96125,0,,,,2.653229899937287,3.3165373749216087
class,cicids2018_distrinet,cnn-s42,prim_hybrid_p75_untargeted,Hybrid Search untargeted,untargeted,p75,DoS,2026,800,0,0,5,0.0,0.0,0.0,0.00625,240.9475,48.153486253045074,48.059596666666664,0.07246343496660698,12.94875,0,,,,2.575907199876383,3.2198839998454787
class,cicids2018_distrinet,cnn-s42,prim_hybrid_p75_untargeted,Hybrid Search untargeted,untargeted,p75,DDoS,42,800,457,1,2,0.57125,0.00125,57.00000000000001,0.0025,245.48125,864.8854797161529,858.55708,0.08285361981763309,19.6225,0,0.23140014708042145,0.0,551187.0,2.1950998997781426,2.743874874722678
class,cicids2018_distrinet,cnn-s42,prim_hybrid_p75_untargeted,Hybrid Search untargeted,untargeted,p75,DDoS,2024,800,457,1,2,0.57125,0.00125,57.00000000000001,0.0025,245.48125,831.8982748422746,825.5774633333333,0.08225858804511031,19.615,0,0.4322364926338196,0.0,68996.0,2.175909399986267,2.719886749982834
class,cicids2018_distrinet,cnn-s42,prim_hybrid_p75_untargeted,Hybrid Search untargeted,untargeted,p75,DDoS,2026,800,457,1,2,0.57125,0.00125,57.00000000000001,0.0025,245.48125,829.9701264291248,823.62984,0.08219014448761298,19.625,0,0.8125665187835693,0.0,126825.0,2.307103400118649,2.8838792501483113
class,cicids2018_distrinet,cnn-s42,prim_hybrid_p75_untargeted,Hybrid Search untargeted,untargeted,p75,Recon,42,800,33,0,752,0.04125,0.0,4.125,0.94,29.2675,613.9719342149234,613.416086896519,0.010643332726252114,1.77,0,,,,2.282118499977514,2.8526481249718927
class,cicids2018_distrinet,cnn-s42,prim_hybrid_p75_untargeted,Hybrid Search untargeted,untargeted,p75,Recon,2024,800,33,0,753,0.04125,0.0,4.125,0.94125,29.2675,620.3346224306872,619.8492737452806,0.01064412145032794,1.7675,0,,,,2.275466099847108,2.844332624808885
class,cicids2018_distrinet,cnn-s42,prim_hybrid_p75_untargeted,Hybrid Search untargeted,untargeted,p75,Recon,2026,800,33,0,751,0.04125,0.0,4.125,0.93875,29.2675,627.4959544203622,626.966806896519,0.010896563090675685,1.77,0,,,,2.150326899951324,2.687908624939155
class,cicids2018_distrinet,cnn-s42,prim_hybrid_p75_untargeted,Hybrid Search untargeted,untargeted,p75,BruteForce,42,800,0,0,1,0.0,0.0,0.0,0.00125,255.47,4.537896111565532,3.5612966666666663,0.004712860735800635,19.975,0,,,,2.4937930000014603,3.1172412500018254
class,cicids2018_distrinet,cnn-s42,prim_hybrid_p75_untargeted,Hybrid Search untargeted,untargeted,p75,BruteForce,2024,800,0,0,1,0.0,0.0,0.0,0.00125,255.47,4.533188464618505,3.5582499999999997,0.004712887636125225,19.96375,0,,,,2.543489299947396,3.179361624934245
class,cicids2018_distrinet,cnn-s42,prim_hybrid_p75_untargeted,Hybrid Search untargeted,untargeted,p75,BruteForce,2026,800,0,0,1,0.0,0.0,0.0,0.00125,255.47,4.539964206065915,3.555153333333333,0.00471288523402914,19.92625,0,,,,2.3469095998443663,2.933636999805458
class,cicids2018_distrinet,ft_transformer-s42,prim_hybrid_p75_untargeted,Hybrid Search untargeted,untargeted,p75,DoS,42,800,0,0,7,0.0,0.0,0.0,0.00875,241.20125,50.69557257152177,49.759863333333335,0.07471718473231746,18.905,0,,,,12.387556500034407,15.484445625043008
class,cicids2018_distrinet,ft_transformer-s42,prim_hybrid_p75_untargeted,Hybrid Search untargeted,untargeted,p75,DoS,2024,800,0,0,7,0.0,0.0,0.0,0.00875,241.20125,50.69529306770915,49.759863333333335,0.07471721845816828,18.8775,0,,,,12.057851199992001,15.072313999990001
class,cicids2018_distrinet,ft_transformer-s42,prim_hybrid_p75_untargeted,Hybrid Search untargeted,untargeted,p75,DoS,2026,800,0,0,7,0.0,0.0,0.0,0.00875,241.20125,50.69415889349103,49.759863333333335,0.07471734581478892,18.8775,0,,,,11.92058670008555,14.900733375106938
class,cicids2018_distrinet,ft_transformer-s42,prim_hybrid_p75_untargeted,Hybrid Search untargeted,untargeted,p75,DDoS,42,800,1,0,1,0.00125,0.0,0.125,0.00125,245.48125,292.9307740676832,285.39897,0.08005575318628436,18.37875,0,,,,11.624940099893138,14.531175124866422
class,cicids2018_distrinet,ft_transformer-s42,prim_hybrid_p75_untargeted,Hybrid Search untargeted,untargeted,p75,DDoS,2024,800,1,0,1,0.00125,0.0,0.125,0.00125,245.48125,293.05840135555985,285.52273,0.080057020117848,18.3675,0,,,,11.573241899954155,14.466552374942694
class,cicids2018_distrinet,ft_transformer-s42,prim_hybrid_p75_untargeted,Hybrid Search untargeted,untargeted,p75,DDoS,2026,800,0,0,1,0.0,0.0,0.0,0.00125,245.48125,293.0796988408027,285.57943,0.08005668576696268,18.36625,0,,,,11.618560099974275,14.523200124967843
class,cicids2018_distrinet,ft_transformer-s42,prim_hybrid_p75_untargeted,Hybrid Search untargeted,untargeted,p75,Recon,42,800,10,0,753,0.0125,0.0,1.25,0.94125,29.2675,731.4277938359903,731.3503533333334,0.010197075457815135,1.69875,0,,,,3.047846500063315,3.809808125079144
class,cicids2018_distrinet,ft_transformer-s42,prim_hybrid_p75_untargeted,Hybrid Search untargeted,untargeted,p75,Recon,2024,800,10,0,753,0.0125,0.0,1.25,0.94125,29.2675,726.6991133503734,726.61747,0.010260680391436594,1.7,0,,,,3.0208521001040936,3.776065125130117
class,cicids2018_distrinet,ft_transformer-s42,prim_hybrid_p75_untargeted,Hybrid Search untargeted,untargeted,p75,Recon,2026,800,10,0,753,0.0125,0.0,1.25,0.94125,29.2675,724.0536326039239,723.9748466666667,0.010094012224833169,1.7,0,,,,3.0415892000310123,3.8019865000387654
class,cicids2018_distrinet,ft_transformer-s42,prim_hybrid_p75_untargeted,Hybrid Search untargeted,untargeted,p75,BruteForce,42,800,0,0,1,0.0,0.0,0.0,0.00125,255.47,3.9884840687147958,3.1868533333333335,0.0035920224165888128,19.965,0,,,,13.772487600101158,17.215609500126448
class,cicids2018_distrinet,ft_transformer-s42,prim_hybrid_p75_untargeted,Hybrid Search untargeted,untargeted,p75,BruteForce,2024,800,0,0,1,0.0,0.0,0.0,0.00125,255.47,3.9919088345391107,3.1928500000000004,0.003593951121402692,19.9525,0,,,,13.733306700130925,17.166633375163656
class,cicids2018_distrinet,ft_transformer-s42,prim_hybrid_p75_untargeted,Hybrid Search untargeted,untargeted,p75,BruteForce,2026,800,0,0,1,0.0,0.0,0.0,0.00125,255.47,3.9941112348300107,3.1910366666666663,0.0035902422055094324,19.99,0,,,,13.794763999991119,17.2434549999889
