scope,dataset,victim,condition,method,objective,budget,source_class,n_per_seed,max_modified_outside_mask,raw_asr_mean,raw_asr_sd,raw_asr_seed42,raw_asr_seed2024,raw_asr_seed2026,valid_asr_mean,valid_asr_sd,valid_asr_seed42,valid_asr_seed2024,valid_asr_seed2026,validity_gap_pp_mean,validity_gap_pp_sd,validity_gap_pp_seed42,validity_gap_pp_seed2024,validity_gap_pp_seed2026,validator_pass_rate_mean,validator_pass_rate_sd,validator_pass_rate_seed42,validator_pass_rate_seed2024,validator_pass_rate_seed2026,mean_model_evaluations_mean,mean_model_evaluations_sd,mean_model_evaluations_seed42,mean_model_evaluations_seed2024,mean_model_evaluations_seed2026,mean_l2_robust_scaled_mean,mean_l2_robust_scaled_sd,mean_l2_robust_scaled_seed42,mean_l2_robust_scaled_seed2024,mean_l2_robust_scaled_seed2026,mean_linf_robust_scaled_mean,mean_linf_robust_scaled_sd,mean_linf_robust_scaled_seed42,mean_linf_robust_scaled_seed2024,mean_linf_robust_scaled_seed2026,mean_l2_train_minmax_mean,mean_l2_train_minmax_sd,mean_l2_train_minmax_seed42,mean_l2_train_minmax_seed2024,mean_l2_train_minmax_seed2026,mean_features_modified_mean,mean_features_modified_sd,mean_features_modified_seed42,mean_features_modified_seed2024,mean_features_modified_seed2026,median_primitive_cost_valid_mean,median_primitive_cost_valid_sd,median_primitive_cost_valid_seed42,median_primitive_cost_valid_seed2024,median_primitive_cost_valid_seed2026,ms_per_flow_mean,ms_per_flow_sd,ms_per_flow_seed42,ms_per_flow_seed2024,ms_per_flow_seed2026
victim,cicids2017_distrinet,mlp,prim_hybrid_p75_targeted,Hybrid Search targeted→Benign,targeted,p75,ALL,3200,0,0.11062500000000001,1.6996749443881478e-17,0.110625,0.110625,0.110625,0.11062500000000001,1.6996749443881478e-17,0.110625,0.110625,0.110625,0.0,0.0,0.0,0.0,0.0,1.0,0.0,1.0,1.0,1.0,188.31499999999997,3.4809342861069267e-14,188.315,188.315,188.315,3445.445479455164,4.221546075719751,3450.259279810455,3442.3737891798373,3443.7033693752,3445.3595199295355,4.2215723446353115,3450.17333550408,3442.287737889721,3443.6174863948054,0.03853375191067578,3.762788477609488e-05,0.038576702788026794,0.038517957520654046,0.038506595423346494,15.019062499999999,0.00440835499364605,15.014375,15.023125,15.0196875,1.4000004728635151,1.3880760252244128e-06,1.3999998569488525,1.4000020623207092,1.3999994993209839,2.8365944686811417,0.029083682521270898,2.868185687402729,2.830665812434745,2.8109319062059512
victim,cicids2017_distrinet,cnn,prim_hybrid_p75_targeted,Hybrid Search targeted→Benign,targeted,p75,ALL,3200,0,0.3614583333333334,0.0001804219591217542,0.3615625,0.36125,0.3615625,0.3614583333333334,0.0001804219591217542,0.3615625,0.36125,0.3615625,0.0,0.0,0.0,0.0,0.0,1.0,0.0,1.0,1.0,1.0,188.36625,0.0,188.36625,188.36625,188.36625,2924.3701228229183,2.637824802995473,2922.5345266898485,2923.182912619044,2927.392929159863,2924.2860123395562,2.637700350693538,2922.4510029907974,2923.098281004001,2927.30875302387,0.03538080790484461,5.289357261510665e-05,0.03535656905711391,0.03544147718678911,0.035344377470630815,14.958333333333334,0.019538956812822368,14.96125,14.97625,14.9375,1.6079580783843994,0.0037741654520160733,1.6087117195129395,1.6038639545440674,1.6112985610961914,2.9554024062720905,0.10907497543224139,3.0392418125848053,2.8320851249736734,2.9948802812577924
victim,cicids2017_distrinet,ft_transformer,prim_hybrid_p75_targeted,Hybrid Search targeted→Benign,targeted,p75,ALL,3200,0,0.004375,0.0,0.004375,0.004375,0.004375,0.004375,0.0,0.004375,0.004375,0.004375,0.0,0.0,0.0,0.0,0.0,1.0,0.0,1.0,1.0,1.0,188.213125,0.0,188.213125,188.213125,188.213125,3308.831137822112,1.2999220775887828,3310.2877437012457,3307.7889529103686,3308.4167168547215,3308.7500284096955,1.2997530575934706,3310.206280579618,3307.7074898187484,3308.33631483072,0.034236004708686735,5.945516479560535e-06,0.034242781718439676,0.03423356660915279,0.03423166579846773,14.971145833333333,0.0045536443738324935,14.970625,14.9759375,14.966875,0.19615384936332703,0.0,0.19615384936332703,0.19615384936332703,0.19615384936332703,12.222383979193788,0.11754802224825545,12.14509296878532,12.357658218825236,12.16440074997081
victim,cicids2018_distrinet,mlp-s42,prim_hybrid_p75_targeted,Hybrid Search targeted→Benign,targeted,p75,ALL,3200,0,0.0128125,0.0003124999999999994,0.013125,0.0128125,0.0125,0.002916666666666667,0.0003608439182435162,0.003125,0.003125,0.0025,0.9895833333333331,0.0180421959121759,0.9999999999999999,0.9687499999999998,1.0,0.7491666666666666,0.0003608439182435084,0.74875,0.749375,0.749375,192.855,0.0,192.855,192.855,192.855,377.51804283023847,0.588430338706269,377.1150246629861,377.2458088071512,378.1932950205779,377.0849636723078,0.5872719617204251,376.6815366631989,376.81463550151557,377.75871885220886,0.023706737928606374,1.1606024014748e-05,0.023702269512293643,0.023719914016636555,0.023698030256888925,8.737916666666665,0.007858199671892871,8.7440625,8.740625,8.7290625,0.9999999304612478,1.7206378853011898e-08,0.9999999403953552,0.9999999105930328,0.9999999403953552,3.0662180416159877,0.022215123586129502,3.0842460624262458,3.073007656275877,3.04140040614584
victim,cicids2018_distrinet,cnn-s42,prim_hybrid_p75_targeted,Hybrid Search targeted→Benign,targeted,p75,ALL,3200,0,0.15,0.0,0.15,0.15,0.15,0.0,0.0,0.0,0.0,0.0,15.0,0.0,15.0,15.0,15.0,0.2371875,0.00031249999999999334,0.2371875,0.2375,0.236875,192.79156249999997,3.4809342861069267e-14,192.7915625,192.7915625,192.7915625,373.9811561801912,3.6902729585576077,378.1607796675231,371.172891141753,372.60979773129753,371.6915520170821,3.6828962450223934,375.8635575574631,368.8917551029868,370.3193433907964,0.04328279410781522,7.567019733943089e-05,0.043369111903390926,0.04322789181228217,0.04325137860777258,13.643749999999999,0.004430452149611487,13.6403125,13.64875,13.6421875,,,,,,2.9958458749752026,0.09066910672169487,3.0964389061409747,2.920416343768011,2.9706823750166222
victim,cicids2018_distrinet,ft_transformer-s42,prim_hybrid_p75_targeted,Hybrid Search targeted→Benign,targeted,p75,ALL,3200,0,0.0033333333333333335,0.00018042195912175795,0.0034375,0.0034375,0.003125,0.0,0.0,0.0,0.0,0.0,0.3333333333333333,0.018042195912175804,0.34375,0.34375,0.3125,0.238125,0.0,0.238125,0.238125,0.238125,192.855,0.0,192.855,192.855,192.855,258.90247484874413,0.9509909227051881,259.92745800657826,258.73121761699196,258.0487489226623,256.94583782990435,0.9488965359289787,257.96967416666666,256.7718900781898,256.0959492448565,0.04231450591855829,2.1658622542574232e-05,0.04231721202501465,0.04233468432304497,0.04229162140761525,14.213020833333331,0.02705667758767444,14.2340625,14.1825,14.2225,,,,,,12.745303968670973,0.08926288664112034,12.692403374967398,12.695144812314538,12.84836371873098
victim,cicids2017_distrinet,mlp,prim_hybrid_p75_untargeted,Hybrid Search untargeted,untargeted,p75,ALL,3200,0,0.11062500000000001,1.6996749443881478e-17,0.110625,0.110625,0.110625,0.11062500000000001,1.6996749443881478e-17,0.110625,0.110625,0.110625,0.0,0.0,0.0,0.0,0.0,1.0,0.0,1.0,1.0,1.0,188.31499999999997,3.4809342861069267e-14,188.315,188.315,188.315,3442.334263376606,4.221546075719491,3447.148063731897,3439.2625731012795,3440.592153296642,3442.248303896927,4.221572344635052,3447.0621194714713,3439.1765218571127,3440.506270362197,0.03851886809446501,3.762788477609488e-05,0.03856181897181603,0.03850307370444328,0.03849171160713573,15.0128125,0.00440835499364605,15.008125,15.016875,15.0134375,1.4000004728635151,1.3880760252244128e-06,1.3999998569488525,1.4000020623207092,1.3999994993209839,3.205498500004372,0.08827716905839823,3.300665031274548,3.1262868124758825,3.1895436562626855
victim,cicids2017_distrinet,cnn,prim_hybrid_p75_untargeted,Hybrid Search untargeted,untargeted,p75,ALL,3200,0,0.3666666666666667,0.0003608439182435084,0.366875,0.36625,0.366875,0.3666666666666667,0.0003608439182435084,0.366875,0.36625,0.366875,0.0,0.0,0.0,0.0,0.0,1.0,0.0,1.0,1.0,1.0,188.21343749999997,3.4809342861069267e-14,188.2134375,188.2134375,188.2134375,2918.3662549622018,3.750195039363371,2916.4368909380837,2915.973537879709,2922.688336068812,2918.2833113184865,3.749872823675518,2916.354206765244,2915.890712584097,2922.6050146061193,0.03516638748214127,3.919463504813801e-05,0.03516279709642007,0.03520725378023754,0.03512911156976621,14.903541666666667,0.018318827120842852,14.9121875,14.9159375,14.8825,1.6077202359835308,0.0035475497286073473,1.6069518327713013,1.6046198606491089,1.6115890145301819,2.6619295416700575,0.02999787216800841,2.6621020625316305,2.6318457811430562,2.691840781335486
victim,cicids2017_distrinet,ft_transformer,prim_hybrid_p75_untargeted,Hybrid Search untargeted,untargeted,p75,ALL,3200,0,0.005,0.0,0.005,0.005,0.005,0.005,0.0,0.005,0.005,0.005,0.0,0.0,0.0,0.0,0.0,1.0,0.0,1.0,1.0,1.0,188.05625,0.0,188.05625,188.05625,188.05625,2637.7740262575917,2.0337073503437404,2636.99709374025,2636.2433136594423,2640.0816713730824,2637.694550063585,2.0335293270385857,2636.9182506066295,2636.1635174430476,2640.001882141079,0.032093745202607306,1.2832088853563999e-05,0.03210709145305694,0.03208149796726988,0.032092646187495105,13.322291666666667,0.006330214418433351,13.329375,13.3171875,13.3203125,0.19230769574642181,0.0,0.19230769574642181,0.19230769574642181,0.19230769574642181,12.177635614571045,0.07274771621886571,12.241893531318055,12.098651343621896,12.192361968773184
victim,cicids2018_distrinet,mlp-s42,prim_hybrid_p75_untargeted,Hybrid Search untargeted,untargeted,p75,ALL,3200,0,0.12,0.0003125000000000003,0.1203125,0.12,0.1196875,0.001875,0.00031250000000000006,0.001875,0.0021875,0.0015625,11.8125,0.03125,11.84375,11.78125,11.8125,0.7421875,0.0008267972847077089,0.7425,0.7428125,0.74125,192.855,0.0,192.855,192.855,192.855,396.6817738178873,0.3557921258049787,396.45436955808975,396.4991593708717,397.0917925247005,394.8966103389744,0.3554909574669715,394.66950082986557,394.71404050151557,395.30628968554214,0.025552168808891232,2.205864638872731e-05,0.025539759161923713,0.025539110081894637,0.025577637182855342,8.713020833333333,0.004701368373497916,8.708125,8.7175,8.7134375,0.9881603121757507,0.020506682761693207,0.9644812345504761,0.9999998211860657,0.9999998807907104,3.4529042082916326,0.11270087758610864,3.5820625312044285,3.3745379686297383,3.4021121250407305
victim,cicids2018_distrinet,cnn-s42,prim_hybrid_p75_untargeted,Hybrid Search untargeted,untargeted,p75,ALL,3200,0,0.153125,0.0,0.153125,0.153125,0.153125,0.0003125,0.0,0.0003125,0.0003125,0.0003125,15.281250000000002,0.0,15.281250000000002,15.281250000000002,15.281250000000002,0.23750000000000002,0.0003125000000000072,0.2375,0.2378125,0.2371875,192.79156249999997,3.4809342861069267e-14,192.7915625,192.7915625,192.7915625,378.8914092656908,3.528134563232553,382.8955002498787,376.2388447200442,377.5398828271495,376.90989923930437,3.5204855781309714,380.90695255746306,374.26989593632015,375.5528492241298,0.04259323143658556,7.768575927725043e-05,0.04268092097400862,0.042533016391016865,0.0425657569447312,13.568750000000001,0.007577722283113173,13.561875,13.576875,13.5675,0.49206771949927014,0.29516676588128804,0.23140014708042145,0.4322364926338196,0.8125665187835693,3.037946291588014,0.11973369967352973,3.167482062417548,3.015029593661893,2.9313272186846007
victim,cicids2018_distrinet,ft_transformer-s42,prim_hybrid_p75_untargeted,Hybrid Search untargeted,untargeted,p75,ALL,3200,0,0.0033333333333333335,0.00018042195912175795,0.0034375,0.0034375,0.003125,0.0,0.0,0.0,0.0,0.0,0.3333333333333333,0.018042195912175804,0.34375,0.34375,0.3125,0.238125,0.0,0.238125,0.238125,0.238125,192.855,0.0,192.855,192.855,192.855,268.77574522709494,0.913809919482609,269.7606561359775,268.6111791520454,267.9554003932619,266.4411775,0.9105496945759741,267.42401,266.2732283333333,265.62629416666664,0.04213743265782963,2.1488797320122582e-05,0.04214050894825144,0.042157217522213894,0.04211457150302355,14.7315625,0.006457493224928495,14.736875,14.724375,14.7334375,,,,,,12.665998187536994,0.08164699196234061,12.760259593778756,12.620391218806617,12.617343750025611
class,cicids2017_distrinet,mlp,prim_hybrid_p75_targeted,Hybrid Search targeted→Benign,targeted,p75,DoS,800,0,0.28875,0.0,0.28875,0.28875,0.28875,0.28875,0.0,0.28875,0.28875,0.28875,0.0,0.0,0.0,0.0,0.0,1.0,0.0,1.0,1.0,1.0,251.1825,0.0,251.1825,251.1825,251.1825,2124.326645650371,1.4684138617606897,2124.631209077434,2125.618895040202,2122.7298328334764,2124.014581462481,1.4685106135343344,2124.319463325877,2125.306719607571,2122.417561453996,0.04594101803639708,7.129361248831118e-05,0.045908612766287465,0.046022758469961414,0.04589168287294235,19.824583333333333,0.009709316831443082,19.81375,19.8325,19.8275,1.4657286405563354,0.026698757471401643,1.4570605754852295,1.4956843852996826,1.4444409608840942,2.8612228332591862,0.10686157213434487,2.9806582498713396,2.77465774997836,2.8283524999278598
class,cicids2017_distrinet,mlp,prim_hybrid_p75_targeted,Hybrid Search targeted→Benign,targeted,p75,DDoS,800,0,0.1325,0.0,0.1325,0.1325,0.1325,0.1325,0.0,0.1325,0.1325,0.1325,0.0,0.0,0.0,0.0,0.0,1.0,0.0,1.0,1.0,1.0,245.92,0.0,245.92,245.92,245.92,7857.557755076909,16.38119456838688,7876.091243307925,7845.0159695906,7851.566052332203,7857.554295163466,16.381193672427468,7876.087782482306,7845.012510743175,7851.562592264914,0.03763168598340822,0.00017040480755021358,0.0378082431661509,0.037468184593945464,0.03761863019012831,19.639583333333334,0.007637626158258214,19.63125,19.64625,19.64125,1.309794306755066,0.031026285262412277,1.2746353149414062,1.3333331942558289,1.3214144110679626,3.1144544998339065,0.018745313496748028,3.1011357498937286,3.1358903748332523,3.106337374774739
class,cicids2017_distrinet,mlp,prim_hybrid_p75_targeted,Hybrid Search targeted→Benign,targeted,p75,Recon,800,0,0.0,0.0,0.0,0.0,0.0,0.0,0.0,0.0,0.0,0.0,0.0,0.0,0.0,0.0,0.0,1.0,0.0,1.0,1.0,1.0,3.8575,0.0,3.8575,3.8575,3.8575,12.608411985426365,0.0,12.608411985426365,12.608411985426365,12.608411985426365,12.606805258737277,0.0,12.606805258737277,12.606805258737277,12.606805258737277,9.323545881943097e-05,0.0,9.323545881943097e-05,9.323545881943097e-05,9.323545881943097e-05,0.15125,0.0,0.15125,0.15125,0.15125,,,,,,2.792972583362522,0.01690979566957441,2.7970381249906495,2.8074789998936467,2.7744006252032705
class,cicids2017_distrinet,mlp,prim_hybrid_p75_targeted,Hybrid Search targeted→Benign,targeted,p75,BruteForce,800,0,0.02125,0.0,0.02125,0.02125,0.02125,0.02125,0.0,0.02125,0.02125,0.02125,0.0,0.0,0.0,0.0,0.0,1.0,0.0,1.0,1.0,1.0,252.30000000000004,3.4809342861069267e-14,252.3,252.3,252.3,3787.289105107951,0.9039753704911377,3787.7062548710346,3786.2518801031215,3787.909180349696,3787.2623978334595,0.9042397218051117,3787.6792909494015,3786.2249159494013,3787.8829866015753,0.07046906816407837,4.029657518310908e-05,0.07049671976084937,0.07048765155988987,0.07042283317149588,20.46083333333333,0.0019094065395651348,20.46125,20.4625,20.45875,0.8661412199338278,0.00979242550731072,0.8717948794364929,0.8717948794364929,0.8548339009284973,2.5777279582689516,0.037701114409041725,2.593910624855198,2.6046361250337213,2.5346371249179356
class,cicids2017_distrinet,cnn,prim_hybrid_p75_targeted,Hybrid Search targeted→Benign,targeted,p75,DoS,800,0,0.49333333333333335,0.0007216878364870488,0.49375,0.4925,0.49375,0.49333333333333335,0.0007216878364870488,0.49375,0.4925,0.49375,0.0,0.0,0.0,0.0,0.0,1.0,0.0,1.0,1.0,1.0,251.08624999999998,3.4809342861069267e-14,251.08625,251.08625,251.08625,1937.9449966747677,15.11844071738195,1940.7805654067952,1921.6095411701526,1951.4448834473549,1937.6256790484265,15.119584661178926,1940.4635764359998,1921.2882319670753,1951.125228742204,0.04346288962622633,0.0001642862411148105,0.043345691037801774,0.04365067226755852,0.04339230557331871,19.324583333333333,0.058447804349978705,19.3175,19.38625,19.27,1.5439303119977315,0.010420071906234618,1.536452054977417,1.5558324456214905,1.539506435394287,2.960368833349397,0.27228151202684553,2.975785000016913,2.680706749961246,3.2246147500700317
class,cicids2017_distrinet,cnn,prim_hybrid_p75_targeted,Hybrid Search targeted→Benign,targeted,p75,DDoS,800,0,0.35874999999999996,6.798699777552591e-17,0.35875,0.35875,0.35875,0.35874999999999996,6.798699777552591e-17,0.35875,0.35875,0.35875,0.0,0.0,0.0,0.0,0.0,1.0,0.0,1.0,1.0,1.0,245.92,0.0,245.92,245.92,245.92,6582.5701031577955,13.602795779673958,6580.938852502691,6596.914967894815,6569.856489075881,6582.5666411779575,13.602795443230027,6580.935391177958,6596.911505308392,6569.853027047523,0.033278519529734644,0.00010881906235888726,0.03317230236892089,0.03338976608735234,0.03327349013293069,19.65041666666667,0.02187797598804145,19.65,19.6725,19.62875,1.2391242980957031,0.0148145658100323,1.223473310470581,1.252929449081421,1.2409701347351074,3.4623675833184584,0.2001919932680518,3.5998707500402816,3.5545398748945445,3.2326921250205487
class,cicids2017_distrinet,cnn,prim_hybrid_p75_targeted,Hybrid Search targeted→Benign,targeted,p75,Recon,800,0,0.00125,0.0,0.00125,0.00125,0.00125,0.00125,0.0,0.00125,0.00125,0.00125,0.0,0.0,0.0,0.0,0.0,1.0,0.0,1.0,1.0,1.0,3.5400000000000005,5.438959822042073e-16,3.54,3.54,3.54,0.15221617305797863,0.006099098110961839,0.14693536834469112,0.15889189745285287,0.15082125337639193,0.15050871332612029,0.006099095846769277,0.145227916224671,0.15718443796380144,0.14911378578988838,2.996985400758113e-05,2.058419547098235e-08,2.9946614064463067e-05,2.9985791140949673e-05,2.997715681733065e-05,0.12791666666666668,0.0007216878364870329,0.1275,0.1275,0.12875,0.9088636040687561,0.11532040055112108,0.7792055606842041,0.9999678730964661,0.9474173784255981,2.743488250125665,0.04238632581436935,2.79241237527458,2.71783325006254,2.7202191250398755
class,cicids2017_distrinet,cnn,prim_hybrid_p75_targeted,Hybrid Search targeted→Benign,targeted,p75,BruteForce,800,0,0.5925,0.0,0.5925,0.5925,0.5925,0.5925,0.0,0.5925,0.5925,0.5925,0.0,0.0,0.0,0.0,0.0,1.0,0.0,1.0,1.0,1.0,252.91874999999996,3.4809342861069267e-14,252.91875,252.91875,252.91875,3176.8131752860513,10.20867759544817,3168.2717534815615,3174.0482495137553,3188.119522862837,3176.8012204185143,10.20872391538909,3168.2598164330066,3174.0362023025723,3188.1076425199635,0.06475185260940988,0.00010975347134204431,0.0648783362076685,0.06469548460110464,0.06468173701945651,20.730416666666667,0.017062996024536026,20.75,20.71875,20.7225,1.665098488330841,0.005876640519341854,1.6666667461395264,1.6585968136787415,1.6700319051742554,2.655384958294841,0.24268314298925353,2.788899125007447,2.375260624976363,2.8019951249007136
class,cicids2017_distrinet,ft_transformer,prim_hybrid_p75_targeted,Hybrid Search targeted→Benign,targeted,p75,DoS,800,0,0.00375,0.0,0.00375,0.00375,0.00375,0.00375,0.0,0.00375,0.00375,0.00375,0.0,0.0,0.0,0.0,0.0,1.0,0.0,1.0,1.0,1.0,251.375,0.0,251.375,251.375,251.375,2238.0517201004427,0.5900061758921772,2238.1403080560835,2237.422429184017,2238.5924230612272,2237.7432814170315,0.5919539416388863,2237.8304549517943,2237.1125745170116,2238.2868147822887,0.05018847019089764,9.677669309432362e-07,0.05018758171218715,0.050188327466013434,0.050189501394492325,19.740833333333335,0.0072168783648699115,19.745,19.745,19.7325,0.20000000298023224,0.0,0.20000000298023224,0.20000000298023224,0.20000000298023224,14.959588750013305,0.21920786717230356,14.89469337509945,15.203917375183664,14.780155499756802
class,cicids2017_distrinet,ft_transformer,prim_hybrid_p75_targeted,Hybrid Search targeted→Benign,targeted,p75,DDoS,800,0,0.0,0.0,0.0,0.0,0.0,0.0,0.0,0.0,0.0,0.0,0.0,0.0,0.0,0.0,0.0,1.0,0.0,1.0,1.0,1.0,245.92,0.0,245.92,245.92,245.92,7218.750290707957,6.030583129848459,7225.66741033024,7214.596730908126,7215.986730885504,7218.7471505308395,6.030583082060263,7225.6642700960565,7214.593590748231,7215.983590748231,0.03422936822790782,2.4068884175962535e-05,0.03425715413280318,0.0342149568139522,0.03421599373696807,19.5475,0.01299038105676707,19.54,19.5625,19.54,,,,,,16.625959541706834,0.22977912360293162,16.47820962505648,16.89069024985656,16.50897875020746
class,cicids2017_distrinet,ft_transformer,prim_hybrid_p75_targeted,Hybrid Search targeted→Benign,targeted,p75,Recon,800,0,0.0,0.0,0.0,0.0,0.0,0.0,0.0,0.0,0.0,0.0,0.0,0.0,0.0,0.0,0.0,1.0,0.0,1.0,1.0,1.0,3.8575,0.0,3.8575,3.8575,3.8575,0.37298040885135947,0.0,0.37298040885135947,0.37298040885135947,0.37298040885135947,0.3713704761285819,0.0,0.3713704761285819,0.3713704761285819,0.3713704761285819,4.427410117905019e-05,0.0,4.427410117905019e-05,4.427410117905019e-05,4.427410117905019e-05,0.15125,0.0,0.15125,0.15125,0.15125,,,,,,3.2319334584947987,0.00982309901579745,3.2221258751815185,3.231902500265278,3.2417720000375994
class,cicids2017_distrinet,ft_transformer,prim_hybrid_p75_targeted,Hybrid Search targeted→Benign,targeted,p75,BruteForce,800,0,0.01375,0.0,0.01375,0.01375,0.01375,0.01375,0.0,0.01375,0.01375,0.01375,0.0,0.0,0.0,0.0,0.0,1.0,0.0,1.0,1.0,1.0,251.69999999999996,3.4809342861069267e-14,251.7,251.7,251.7,3778.149560071197,1.0215830396669532,3776.970276009807,3778.7636711404793,3778.714733063304,3778.138311214783,1.0215833760266408,3776.9590267944923,3778.752423533623,3778.703483316232,0.05248190631476243,4.910435798931638e-06,0.05248211692758933,0.05248670805546648,0.052476893961231494,20.445,0.0012499999999988631,20.44625,20.445,20.44375,0.19230769574642181,0.0,0.19230769574642181,0.19230769574642181,0.19230769574642181,14.072054166560216,0.07593758093264806,13.985342999803834,14.10412274999544,14.126696749881376
class,cicids2018_distrinet,mlp-s42,prim_hybrid_p75_targeted,Hybrid Search targeted→Benign,targeted,p75,DoS,800,0,0.0,0.0,0.0,0.0,0.0,0.0,0.0,0.0,0.0,0.0,0.0,0.0,0.0,0.0,0.0,1.0,0.0,1.0,1.0,1.0,241.20125,0.0,241.20125,241.20125,241.20125,0.8694575254767626,0.012783277022415747,0.8558222748755163,0.8811712846820836,0.8713790168726879,0.8061862675327038,0.012374853071088897,0.7929567468486275,0.8174777602150877,0.8081242955343966,0.00027410183310493547,3.084313284669449e-06,0.0002717376993230353,0.00027759066006879024,0.0002729771399229809,2.0879166666666666,0.02894858948780288,2.06375,2.12,2.08,,,,,,3.362774958271378,0.05617877656646789,3.4200922498712316,3.3078084999579005,3.360424124985002
class,cicids2018_distrinet,mlp-s42,prim_hybrid_p75_targeted,Hybrid Search targeted→Benign,targeted,p75,DDoS,800,0,0.0037500000000000003,0.00125,0.005,0.00375,0.0025,0.0029166666666666664,0.0014433756729740643,0.00375,0.00375,0.00125,0.08333333333333333,0.07216878364870323,0.12500000000000003,0.0,0.125,0.045000000000000005,0.0024999999999999988,0.0425,0.045,0.0475,245.48124999999996,3.4809342861069267e-14,245.48125,245.48125,245.48125,1127.1417867479277,0.9962806864348638,1126.3326339030455,1126.8381760754728,1128.254550265265,1125.7102395322038,0.9931285195980406,1124.8982719299445,1125.4149133333333,1126.8175333333334,0.08486933399288386,6.180150052058417e-05,0.0848700034560919,0.08493079804226181,0.0848072004802979,19.441666666666666,0.046255630287926404,19.495,19.4125,19.4175,0.9429874420166016,0.051453785620437696,0.9289625287055969,0.9999995827674866,0.9000002145767212,2.9406628749954202,0.029768375551526727,2.9364910000003874,2.9722971250885166,2.913200499897357
class,cicids2018_distrinet,mlp-s42,prim_hybrid_p75_targeted,Hybrid Search targeted→Benign,targeted,p75,Recon,800,0,0.04750000000000001,8.498374721940739e-18,0.0475,0.0475,0.0475,0.00875,0.0,0.00875,0.00875,0.00875,3.875,0.0,3.875,3.875,3.875,0.9516666666666667,0.0014433756729740977,0.9525,0.9525,0.95,29.2675,0.0,29.2675,29.2675,29.2675,381.81751682105823,1.373800588483484,381.0282360573272,381.0204756330735,383.40383877277395,381.62978888888887,1.3733395011202,380.84128,380.83250999999996,383.21557666666666,0.009258118646966858,2.469493097263327e-05,0.009241944065687483,0.009245868120465297,0.009286543754747792,1.4283333333333335,0.006884463184107608,1.42375,1.43625,1.425,0.9999999403953552,0.0,0.9999999403953552,0.9999999403953552,0.9999999403953552,2.9021695415334157,0.015499771336183809,2.9095272498670965,2.912620124989189,2.884361249743961
class,cicids2018_distrinet,mlp-s42,prim_hybrid_p75_targeted,Hybrid Search targeted→Benign,targeted,p75,BruteForce,800,0,0.0,0.0,0.0,0.0,0.0,0.0,0.0,0.0,0.0,0.0,0.0,0.0,0.0,0.0,0.0,1.0,0.0,1.0,1.0,1.0,255.47,0.0,255.47,255.47,255.47,0.2434102264909351,3.301017277849363e-06,0.24340641669626512,0.24341223537624126,0.24341202740029888,0.193640000605768,1.7562295353412684e-06,0.19363797600265711,0.19364091251378074,0.19364111330086609,0.0004253972414698405,3.8275770720762714e-09,0.00042539282807215,0.000425399243750335,0.00042539965258703635,11.99375,0.0,11.99375,11.99375,11.99375,,,,,,3.059264791663736,0.04693399461532345,3.0708737499662675,3.099304875067901,3.00761574995704
class,cicids2018_distrinet,cnn-s42,prim_hybrid_p75_targeted,Hybrid Search targeted→Benign,targeted,p75,DoS,800,0,0.0,0.0,0.0,0.0,0.0,0.0,0.0,0.0,0.0,0.0,0.0,0.0,0.0,0.0,0.0,0.006250000000000001,1.0622968402425924e-18,0.00625,0.00625,0.00625,240.9475,0.0,240.9475,240.9475,240.9475,48.17649011750469,0.019964372709711634,48.18669095687274,48.18929314259626,48.153486253045074,48.08251333333334,0.019856254262408866,48.09334666666667,48.09459666666667,48.059596666666664,0.07249792467181988,2.989719027682323e-05,0.07251387061634866,0.07251646843250399,0.07246343496660698,12.930000000000001,0.043749999999999546,12.88,12.96125,12.94875,,,,,,3.3186290416051634,0.2905128248557241,3.6311738748918287,3.056836499890778,3.267876750032883
class,cicids2018_distrinet,cnn-s42,prim_hybrid_p75_targeted,Hybrid Search targeted→Benign,targeted,p75,DDoS,800,0,0.55875,0.0,0.55875,0.55875,0.55875,0.0,0.0,0.0,0.0,0.0,55.875,0.0,55.875,55.875,55.875,0.00125,0.0,0.00125,0.00125,0.00125,245.48124999999996,3.4809342861069267e-14,245.48125,245.48125,245.48125,822.6102813205192,20.221697913697287,845.9465973867307,811.6344605291101,810.2497860457169,815.0480722222223,20.220663675367188,838.3835,804.0649000000001,802.6958166666667,0.08519236813503744,0.00036240439046365965,0.08560638353516231,0.08503808973017149,0.08493263113977852,19.920833333333334,0.0170629960245365,19.93625,19.9025,19.92375,,,,,,2.7896328333493634,0.1679418910148791,2.649582125013694,2.7434952498879284,2.9758211251464672
class,cicids2018_distrinet,cnn-s42,prim_hybrid_p75_targeted,Hybrid Search targeted→Benign,targeted,p75,Recon,800,0,0.04125,0.0,0.04125,0.04125,0.04125,0.0,0.0,0.0,0.0,0.0,4.125,0.0,4.125,4.125,4.125,0.9400000000000001,0.0012500000000000289,0.94,0.94125,0.93875,29.2675,0.0,29.2675,29.2675,29.2675,620.600837021991,6.765939202043299,613.9719342149234,620.3346224306872,627.4959544203622,620.0773891794396,6.778239492528709,613.416086896519,619.8492737452806,626.966806896519,0.010728005755751913,0.0001459754667362655,0.010643332726252114,0.01064412145032794,0.010896563090675685,1.7691666666666668,0.0014433756729740337,1.77,1.7675,1.77,,,,,,2.7922087916522287,0.15494495437532532,2.949999749835115,2.786350625101477,2.640276000020094
class,cicids2018_distrinet,cnn-s42,prim_hybrid_p75_targeted,Hybrid Search targeted→Benign,targeted,p75,BruteForce,800,0,0.0,0.0,0.0,0.0,0.0,0.0,0.0,0.0,0.0,0.0,0.0,0.0,0.0,0.0,0.0,0.00125,0.0,0.00125,0.00125,0.00125,255.47,0.0,255.47,255.47,255.47,4.537016260749984,0.0034725021430879847,4.537896111565532,4.533188464618505,4.539964206065915,3.5582333333333334,0.0030717005785792233,3.5612966666666663,3.5582499999999997,3.555153333333333,0.004712877868651666,1.4886015408986092e-08,0.004712860735800635,0.004712887636125225,0.00471288523402914,19.955,0.02552572232082864,19.975,19.96375,19.92625,,,,,,3.082912833294055,0.07881835514523775,3.154999874823261,3.09498300019186,2.9987556248670444
class,cicids2018_distrinet,ft_transformer-s42,prim_hybrid_p75_targeted,Hybrid Search targeted→Benign,targeted,p75,DoS,800,0,0.0,0.0,0.0,0.0,0.0,0.0,0.0,0.0,0.0,0.0,0.0,0.0,0.0,0.0,0.0,0.00875,0.0,0.00875,0.00875,0.00875,241.20125,0.0,241.20125,241.20125,241.20125,50.69500817757398,0.0007486609282503927,50.69557257152177,50.69529306770915,50.69415889349103,49.759863333333335,0.0,49.759863333333335,49.759863333333335,49.759863333333335,0.07471724966842488,8.495558098719782e-08,0.07471718473231746,0.07471721845816828,0.07471734581478892,18.886666666666667,0.015877132402714628,18.905,18.8775,18.8775,,,,,,15.097158791613765,0.35044945599829186,14.997597374895122,14.807262499816716,15.486616500129458
class,cicids2018_distrinet,ft_transformer-s42,prim_hybrid_p75_targeted,Hybrid Search targeted→Benign,targeted,p75,DDoS,800,0,0.0008333333333333334,0.0007216878364870322,0.00125,0.00125,0.0,0.0,0.0,0.0,0.0,0.0,0.08333333333333333,0.07216878364870323,0.125,0.125,0.0,0.00125,0.0,0.00125,0.00125,0.00125,245.48124999999996,3.4809342861069267e-14,245.48125,245.48125,245.48125,258.1879128956764,0.06771481010411547,258.2501874223595,258.1977232574458,258.1158280072238,251.49057555555555,0.05698267079007589,251.54695333333333,251.49176666666665,251.43300666666667,0.07970098273300967,5.926026258990055e-07,0.07970030014814361,0.07970136569434842,0.07970128235653694,18.410416666666666,0.00577350269189716,18.41375,18.40375,18.41375,,,,,,14.759181749929363,0.21833308193274256,14.75557600002503,14.542673874821048,14.979295374942012
class,cicids2018_distrinet,ft_transformer-s42,prim_hybrid_p75_targeted,Hybrid Search targeted→Benign,targeted,p75,Recon,800,0,0.012500000000000002,2.1245936804851847e-18,0.0125,0.0125,0.0125,0.0,0.0,0.0,0.0,0.0,1.25,0.0,1.25,1.25,1.25,0.94125,0.0,0.94125,0.94125,0.94125,29.2675,0.0,29.2675,29.2675,29.2675,723.4277161408863,3.735800703807232,727.4619967134474,722.7333162278306,720.087835481381,723.3477499999999,3.7367932178734242,727.3838800000001,722.6509966666666,720.0083733333333,0.010188868439508744,8.410895248885268e-05,0.010202021205962246,0.010265626139583706,0.01009895797298028,1.7008333333333334,0.0007216878364870169,1.7,1.70125,1.70125,,,,,,3.805837541585788,0.014075494914306569,3.8194556249072775,3.791345374775119,3.8067116250749677
class,cicids2018_distrinet,ft_transformer-s42,prim_hybrid_p75_targeted,Hybrid Search targeted→Benign,targeted,p75,BruteForce,800,0,0.0,0.0,0.0,0.0,0.0,0.0,0.0,0.0,0.0,0.0,0.0,0.0,0.0,0.0,0.0,0.00125,0.0,0.00125,0.00125,0.00125,255.47,0.0,255.47,255.47,255.47,3.29926218083997,0.0025299895930316323,3.3020753189842935,3.298537914982342,3.297173308553275,3.1851624307284556,0.002730375345645806,3.188,3.1849336460926834,3.1825536460926833,0.004650922833289863,3.1291326798654384e-06,0.004649342013635265,0.00465452700007947,0.004648899486154857,17.854166666666668,0.09291573243177677,17.9175,17.7475,17.8975,,,,,,17.319037791554972,0.2799545234275293,17.196984500042163,17.63929749984527,17.12083137477748
class,cicids2017_distrinet,mlp,prim_hybrid_p75_untargeted,Hybrid Search untargeted,untargeted,p75,DoS,800,0,0.28875,0.0,0.28875,0.28875,0.28875,0.28875,0.0,0.28875,0.28875,0.28875,0.0,0.0,0.0,0.0,0.0,1.0,0.0,1.0,1.0,1.0,251.1825,0.0,251.1825,251.1825,251.1825,2124.326645650371,1.4684138617606897,2124.631209077434,2125.618895040202,2122.7298328334764,2124.014581462481,1.4685106135343344,2124.319463325877,2125.306719607571,2122.417561453996,0.04594101803639708,7.129361248831118e-05,0.045908612766287465,0.046022758469961414,0.04589168287294235,19.824583333333333,0.009709316831443082,19.81375,19.8325,19.8275,1.4657286405563354,0.026698757471401643,1.4570605754852295,1.4956843852996826,1.4444409608840942,3.1355080001715883,0.12002800095138534,3.266277875227388,3.0303593751159497,3.1098867501714267
class,cicids2017_distrinet,mlp,prim_hybrid_p75_untargeted,Hybrid Search untargeted,untargeted,p75,DDoS,800,0,0.1325,0.0,0.1325,0.1325,0.1325,0.1325,0.0,0.1325,0.1325,0.1325,0.0,0.0,0.0,0.0,0.0,1.0,0.0,1.0,1.0,1.0,245.92,0.0,245.92,245.92,245.92,7857.557755076909,16.38119456838688,7876.091243307925,7845.0159695906,7851.566052332203,7857.554295163466,16.381193672427468,7876.087782482306,7845.012510743175,7851.562592264914,0.03763168598340822,0.00017040480755021358,0.0378082431661509,0.037468184593945464,0.03761863019012831,19.639583333333334,0.007637626158258214,19.63125,19.64625,19.64125,1.309794306755066,0.031026285262412277,1.2746353149414062,1.3333331942558289,1.3214144110679626,3.6377439581944295,0.06797783197450874,3.7127862498164177,3.620159624842927,3.5802859999239445
class,cicids2017_distrinet,mlp,prim_hybrid_p75_untargeted,Hybrid Search untargeted,untargeted,p75,Recon,800,0,0.0,0.0,0.0,0.0,0.0,0.0,0.0,0.0,0.0,0.0,0.0,0.0,0.0,0.0,0.0,1.0,0.0,1.0,1.0,1.0,3.8575,0.0,3.8575,3.8575,3.8575,0.1635476711939477,0.0,0.1635476711939477,0.1635476711939477,0.1635476711939477,0.16194112830249494,0.0,0.16194112830249494,0.16194112830249494,0.16194112830249494,3.370019397636694e-05,0.0,3.370019397636694e-05,3.370019397636694e-05,3.370019397636694e-05,0.12625,0.0,0.12625,0.12625,0.12625,,,,,,3.0306253751041368,0.08943116218114913,3.1261783750960603,2.948935000167694,3.016762750048656
class,cicids2017_distrinet,mlp,prim_hybrid_p75_untargeted,Hybrid Search untargeted,untargeted,p75,BruteForce,800,0,0.02125,0.0,0.02125,0.02125,0.02125,0.02125,0.0,0.02125,0.02125,0.02125,0.0,0.0,0.0,0.0,0.0,1.0,0.0,1.0,1.0,1.0,252.30000000000004,3.4809342861069267e-14,252.3,252.3,252.3,3787.289105107951,0.9039753704911377,3787.7062548710346,3786.2518801031215,3787.909180349696,3787.2623978334595,0.9042397218051117,3787.6792909494015,3786.2249159494013,3787.8829866015753,0.07046906816407837,4.029657518310908e-05,0.07049671976084937,0.07048765155988987,0.07042283317149588,20.46083333333333,0.0019094065395651348,20.46125,20.4625,20.45875,0.8661412199338278,0.00979242550731072,0.8717948794364929,0.8717948794364929,0.8548339009284973,3.0181166665473333,0.10006189057527351,3.097417624958325,2.9056932497769594,3.051239124906715
class,cicids2017_distrinet,cnn,prim_hybrid_p75_untargeted,Hybrid Search untargeted,untargeted,p75,DoS,800,0,0.4929166666666667,0.0014433756729740658,0.49375,0.49125,0.49375,0.4929166666666667,0.0014433756729740658,0.49375,0.49125,0.49375,0.0,0.0,0.0,0.0,0.0,1.0,0.0,1.0,1.0,1.0,251.08624999999998,3.4809342861069267e-14,251.08625,251.08625,251.08625,1936.7108296420477,17.548088241821393,1935.9420786369176,1919.5597505636265,1954.6306597255991,1936.3956916506552,17.54697946314312,1935.6279600318876,1919.2451789594725,1954.3139359606052,0.04269210958095162,9.949203887786833e-05,0.042646679701444305,0.04280620701539676,0.0426234420260138,19.12375,0.04803969712643977,19.13875,19.1625,19.07,1.5430298646291096,0.011184249299121169,1.534031629562378,1.555551528930664,1.539506435394287,2.702139124933941,0.0708825059209105,2.781032874772791,2.6438199999392964,2.681564500089735
class,cicids2017_distrinet,cnn,prim_hybrid_p75_untargeted,Hybrid Search untargeted,untargeted,p75,DDoS,800,0,0.3775,0.0,0.3775,0.3775,0.3775,0.3775,0.0,0.3775,0.3775,0.3775,0.0,0.0,0.0,0.0,0.0,1.0,0.0,1.0,1.0,1.0,245.92,0.0,245.92,245.92,245.92,6559.854088213459,11.223110192628958,6561.452085731321,6570.192549009812,6547.917629899245,6559.850626685203,11.223109950495436,6561.448624873609,6570.189086830132,6547.91416835187,0.03319529036744819,0.00010095291891814936,0.03309989834575519,0.03330101019656,0.03318496256002937,19.657083333333333,0.023127815143963473,19.6575,19.68,19.63375,1.2499094605445862,0.010137917701280759,1.2389482855796814,1.258949100971222,1.2518309950828552,2.8611728750790157,0.05389188177726337,2.899863250204362,2.7996183748473413,2.8840370001853444
class,cicids2017_distrinet,cnn,prim_hybrid_p75_untargeted,Hybrid Search untargeted,untargeted,p75,Recon,800,0,0.00375,0.0,0.00375,0.00375,0.00375,0.00375,0.0,0.00375,0.00375,0.00375,0.0,0.0,0.0,0.0,0.0,1.0,0.0,1.0,1.0,1.0,2.9287499999999995,5.438959822042073e-16,2.92875,2.92875,2.92875,0.08692670724739936,0.0060990981109618455,0.08164590253411182,0.09360243164227358,0.08553178756581264,0.0857065195742856,0.006099095846769275,0.08042572247283632,0.09238224421196677,0.08431159203805372,2.6297370755402405e-05,2.058419547098235e-08,2.627413081228434e-05,2.6313307888770946e-05,2.6304673565151924e-05,0.10291666666666666,0.0007216878364870328,0.1025,0.1025,0.10375,0.9491284092267355,0.05000590789466452,0.8999999761581421,0.9999678730964661,0.9474173784255981,2.6634547917637974,0.10058830720750238,2.5535387502168305,2.685903499950655,2.750922125123907
class,cicids2017_distrinet,cnn,prim_hybrid_p75_untargeted,Hybrid Search untargeted,untargeted,p75,BruteForce,800,0,0.5925,0.0,0.5925,0.5925,0.5925,0.5925,0.0,0.5925,0.5925,0.5925,0.0,0.0,0.0,0.0,0.0,1.0,0.0,1.0,1.0,1.0,252.91874999999996,3.4809342861069267e-14,252.91875,252.91875,252.91875,3176.8131752860513,10.20867759544817,3168.2717534815615,3174.0482495137553,3188.119522862837,3176.8012204185143,10.20872391538909,3168.2598164330066,3174.0362023025723,3188.1076425199635,0.06475185260940988,0.00010975347134204431,0.0648783362076685,0.06469548460110464,0.06468173701945651,20.730416666666667,0.017062996024536026,20.75,20.71875,20.7225,1.665098488330841,0.005876640519341854,1.6666667461395264,1.6585968136787415,1.6700319051742554,2.4209513749034763,0.027081971241274545,2.4139733749325387,2.3980412498349324,2.4508394999429584
class,cicids2017_distrinet,ft_transformer,prim_hybrid_p75_untargeted,Hybrid Search untargeted,untargeted,p75,DoS,800,0,0.00375,0.0,0.00375,0.00375,0.00375,0.00375,0.0,0.00375,0.00375,0.00375,0.0,0.0,0.0,0.0,0.0,1.0,0.0,1.0,1.0,1.0,251.375,0.0,251.375,251.375,251.375,2129.36406180325,3.31350671236423,2133.1853293571316,2127.620048685657,2127.2868073669615,2129.124083428711,3.3170808291695106,2132.9495326296606,2127.3771268452283,2127.045590811243,0.049671913316384576,2.9492589582955755e-05,0.04968494331215579,0.04969264675419647,0.049638149882801484,19.619583333333335,0.004389855730356711,19.62375,19.615,19.62,0.20000000298023224,0.0,0.20000000298023224,0.20000000298023224,0.20000000298023224,14.998462916604089,0.26455373450246905,15.303907500056084,14.841692999762017,14.849788249994162
class,cicids2017_distrinet,ft_transformer,prim_hybrid_p75_untargeted,Hybrid Search untargeted,untargeted,p75,DDoS,800,0,0.0,0.0,0.0,0.0,0.0,0.0,0.0,0.0,0.0,0.0,0.0,0.0,0.0,0.0,0.0,1.0,0.0,1.0,1.0,1.0,245.92,0.0,245.92,245.92,245.92,4643.208641696197,9.312944300690523,4637.456701871475,4638.215855497372,4653.953367719746,4643.142311777793,9.313001618820419,4637.38872090844,4638.151188603763,4653.8870258211755,0.0261758553594003,6.459985420481224e-05,0.02621598893769174,0.02610133571832351,0.026210241422185643,13.083333333333334,0.020322913997094638,13.10625,13.0675,13.07625,,,,,,16.637788500035338,0.16521474867615446,16.548368750081863,16.536556624923833,16.828440125100315
class,cicids2017_distrinet,ft_transformer,prim_hybrid_p75_untargeted,Hybrid Search untargeted,untargeted,p75,Recon,800,0,0.0,0.0,0.0,0.0,0.0,0.0,0.0,0.0,0.0,0.0,0.0,0.0,0.0,0.0,0.0,1.0,0.0,1.0,1.0,1.0,3.8575,0.0,3.8575,3.8575,3.8575,0.3716693032451775,1.7642566912994057e-06,0.3716672660570262,0.37167032183925314,0.37167032183925314,0.3713704761285819,0.0,0.3713704761285819,0.3713704761285819,0.3713704761285819,4.4274103050632626e-05,2.6566207592712338e-14,4.4274103081308636e-05,4.4274103035294614e-05,4.4274103035294614e-05,0.15375,0.0,0.15375,0.15375,0.15375,,,,,,3.240954666689504,0.02903681623664047,3.248333749943413,3.2089402500423603,3.2655900000827387
class,cicids2017_distrinet,ft_transformer,prim_hybrid_p75_untargeted,Hybrid Search untargeted,untargeted,p75,BruteForce,800,0,0.01625,0.0,0.01625,0.01625,0.01625,0.01625,0.0,0.01625,0.01625,0.01625,0.0,0.0,0.0,0.0,0.0,1.0,0.0,1.0,1.0,1.0,251.0725,0.0,251.0725,251.0725,251.0725,3778.1517322276736,1.0196770942903355,3776.974676466337,3778.7656801329013,3778.7148400837823,3778.1404345717087,1.0196774681294571,3776.963378412288,3778.754383847071,3778.7035414557668,0.05248293803159373,4.911720570145842e-06,0.05248315945929893,0.05248773529352425,0.052477919341958,20.4325,0.0012500000000006395,20.43375,20.4325,20.43125,0.19230769574642181,0.0,0.19230769574642181,0.19230769574642181,0.19230769574642181,13.833336374955252,0.030513220738779167,13.866964125190862,13.807415499759372,13.825629499915522
class,cicids2018_distrinet,mlp-s42,prim_hybrid_p75_untargeted,Hybrid Search untargeted,untargeted,p75,DoS,800,0,0.0,0.0,0.0,0.0,0.0,0.0,0.0,0.0,0.0,0.0,0.0,0.0,0.0,0.0,0.0,1.0,0.0,1.0,1.0,1.0,241.20125,0.0,241.20125,241.20125,241.20125,0.8694575254767626,0.012783277022415747,0.8558222748755163,0.8811712846820836,0.8713790168726879,0.8061862675327038,0.012374853071088897,0.7929567468486275,0.8174777602150877,0.8081242955343966,0.00027410183310493547,3.084313284669449e-06,0.0002717376993230353,0.00027759066006879024,0.0002729771399229809,2.0879166666666666,0.02894858948780288,2.06375,2.12,2.08,,,,,,3.9116850832942873,0.23400250573973239,4.085311249946244,3.6455743748228997,4.004169625113718
class,cicids2018_distrinet,mlp-s42,prim_hybrid_p75_untargeted,Hybrid Search untargeted,untargeted,p75,DDoS,800,0,0.43249999999999994,0.0012500000000000011,0.43375,0.4325,0.43125,0.0029166666666666664,0.0014433756729740643,0.00375,0.00375,0.00125,42.958333333333336,0.07216878364870732,43.00000000000001,42.875,43.00000000000001,0.02125,0.0021650635094610966,0.0225,0.0225,0.01875,245.48124999999996,3.4809342861069267e-14,245.48125,245.48125,245.48125,1203.791855854884,0.09273142394335478,1203.684793196895,1203.8469062081783,1203.8438681595785,1196.9568261988704,0.09243292423170102,1196.850128596611,1197.0125333333333,1197.0078166666667,0.09206651857769434,7.65609257012753e-05,0.09201021146924226,0.09203564919148566,0.0921536950723551,19.300416666666663,0.017514874630819837,19.30125,19.2825,19.3175,0.9429874420166016,0.051453785620437696,0.9289625287055969,0.9999995827674866,0.9000002145767212,3.3183321666244106,0.15522976038882813,3.4968023750116117,3.2435042498400435,3.214689875021577
class,cicids2018_distrinet,mlp-s42,prim_hybrid_p75_untargeted,Hybrid Search untargeted,untargeted,p75,Recon,800,0,0.04750000000000001,8.498374721940739e-18,0.0475,0.0475,0.0475,0.004583333333333334,0.0007216878364870324,0.00375,0.005,0.005,4.291666666666667,0.07216878364870323,4.375,4.25,4.25,0.9475000000000001,0.0012499999999999734,0.9475,0.94875,0.94625,29.2675,0.0,29.2675,29.2675,29.2675,381.82237166469776,1.3736431492464607,381.03345634389234,381.0251477552502,383.4085108949506,381.62978888888887,1.3733395011202,380.84128,380.83250999999996,383.21557666666666,0.009442657583295806,2.179170143349625e-05,0.009451694651057408,0.00941780123227376,0.009458476866556254,1.47,0.0064951905283832795,1.47375,1.47375,1.4625,0.9999999205271403,1.7206378853011898e-08,0.9999999403953552,0.9999999105930328,0.9999999105930328,3.2708509999793023,0.06921090374438663,3.1981406250270084,3.2784824998816475,3.335929875029251
class,cicids2018_distrinet,mlp-s42,prim_hybrid_p75_untargeted,Hybrid Search untargeted,untargeted,p75,BruteForce,800,0,0.0,0.0,0.0,0.0,0.0,0.0,0.0,0.0,0.0,0.0,0.0,0.0,0.0,0.0,0.0,1.0,0.0,1.0,1.0,1.0,255.47,0.0,255.47,255.47,255.47,0.2434102264909351,3.301017277849363e-06,0.24340641669626512,0.24341223537624126,0.24341202740029888,0.193640000605768,1.7562295353412684e-06,0.19363797600265711,0.19364091251378074,0.19364111330086609,0.0004253972414698405,3.8275770720762714e-09,0.00042539282807215,0.000425399243750335,0.00042539965258703635,11.99375,0.0,11.99375,11.99375,11.99375,,,,,,3.3107485832685293,0.24776498792992208,3.54799587483285,3.3305907499743626,3.0536591249983758
class,cicids2018_distrinet,cnn-s42,prim_hybrid_p75_untargeted,Hybrid Search untargeted,untargeted,p75,DoS,800,0,0.0,0.0,0.0,0.0,0.0,0.0,0.0,0.0,0.0,0.0,0.0,0.0,0.0,0.0,0.0,0.006250000000000001,1.0622968402425924e-18,0.00625,0.00625,0.00625,240.9475,0.0,240.9475,240.9475,240.9475,48.17649011750469,0.019964372709711634,48.18669095687274,48.18929314259626,48.153486253045074,48.08251333333334,0.019856254262408866,48.09334666666667,48.09459666666667,48.059596666666664,0.07249792467181988,2.989719027682323e-05,0.07251387061634866,0.07251646843250399,0.07246343496660698,12.930000000000001,0.043749999999999546,12.88,12.96125,12.94875,,,,,,3.4975284582469612,0.4001192182708828,3.9561639999737963,3.3165373749216087,3.2198839998454787
class,cicids2018_distrinet,cnn-s42,prim_hybrid_p75_untargeted,Hybrid Search untargeted,untargeted,p75,DDoS,800,0,0.57125,0.0,0.57125,0.57125,0.57125,0.00125,0.0,0.00125,0.00125,0.00125,57.00000000000001,0.0,57.00000000000001,57.00000000000001,57.00000000000001,0.0025,0.0,0.0025,0.0025,0.0025,245.48124999999996,3.4809342861069267e-14,245.48125,245.48125,245.48125,842.2512936625175,19.625473823801602,864.8854797161529,831.8982748422746,829.9701264291248,835.9214611111111,19.62719391620732,858.55708,825.5774633333333,823.62984,0.08243411745011879,0.0003649079437382749,0.08285361981763309,0.08225858804511031,0.08219014448761298,19.620833333333334,0.005204164998666003,19.6225,19.615,19.625,0.49206771949927014,0.29516676588128804,0.23140014708042145,0.4322364926338196,0.8125665187835693,2.7825469582846076,0.08857218842783932,2.743874874722678,2.719886749982834,2.8838792501483113
class,cicids2018_distrinet,cnn-s42,prim_hybrid_p75_untargeted,Hybrid Search untargeted,untargeted,p75,Recon,800,0,0.04125,0.0,0.04125,0.04125,0.04125,0.0,0.0,0.0,0.0,0.0,4.125,0.0,4.125,4.125,4.125,0.9400000000000001,0.0012500000000000289,0.94,0.94125,0.93875,29.2675,0.0,29.2675,29.2675,29.2675,620.600837021991,6.765939202043299,613.9719342149234,620.3346224306872,627.4959544203622,620.0773891794396,6.778239492528709,613.416086896519,619.8492737452806,626.966806896519,0.010728005755751913,0.0001459754667362655,0.010643332726252114,0.01064412145032794,0.010896563090675685,1.7691666666666668,0.0014433756729740337,1.77,1.7675,1.77,,,,,,2.7949631249066442,0.09280509877268131,2.8526481249718927,2.844332624808885,2.687908624939155
class,cicids2018_distrinet,cnn-s42,prim_hybrid_p75_untargeted,Hybrid Search untargeted,untargeted,p75,BruteForce,800,0,0.0,0.0,0.0,0.0,0.0,0.0,0.0,0.0,0.0,0.0,0.0,0.0,0.0,0.0,0.0,0.00125,0.0,0.00125,0.00125,0.00125,255.47,0.0,255.47,255.47,255.47,4.537016260749984,0.0034725021430879847,4.537896111565532,4.533188464618505,4.539964206065915,3.5582333333333334,0.0030717005785792233,3.5612966666666663,3.5582499999999997,3.555153333333333,0.004712877868651666,1.4886015408986092e-08,0.004712860735800635,0.004712887636125225,0.00471288523402914,19.955,0.02552572232082864,19.975,19.96375,19.92625,,,,,,3.076746624913843,0.1277693580027423,3.1172412500018254,3.179361624934245,2.933636999805458
class,cicids2018_distrinet,ft_transformer-s42,prim_hybrid_p75_untargeted,Hybrid Search untargeted,untargeted,p75,DoS,800,0,0.0,0.0,0.0,0.0,0.0,0.0,0.0,0.0,0.0,0.0,0.0,0.0,0.0,0.0,0.0,0.00875,0.0,0.00875,0.00875,0.00875,241.20125,0.0,241.20125,241.20125,241.20125,50.69500817757398,0.0007486609282503927,50.69557257152177,50.69529306770915,50.69415889349103,49.759863333333335,0.0,49.759863333333335,49.759863333333335,49.759863333333335,0.07471724966842488,8.495558098719782e-08,0.07471718473231746,0.07471721845816828,0.07471734581478892,18.886666666666667,0.015877132402714628,18.905,18.8775,18.8775,,,,,,15.152497666713316,0.3000034382940536,15.484445625043008,15.072313999990001,14.900733375106938
class,cicids2018_distrinet,ft_transformer-s42,prim_hybrid_p75_untargeted,Hybrid Search untargeted,untargeted,p75,DDoS,800,0,0.0008333333333333334,0.0007216878364870322,0.00125,0.00125,0.0,0.0,0.0,0.0,0.0,0.0,0.08333333333333333,0.07216878364870323,0.125,0.125,0.0,0.00125,0.0,0.00125,0.00125,0.00125,245.48124999999996,3.4809342861069267e-14,245.48125,245.48125,245.48125,293.02295808801523,0.08054077180440636,292.9307740676832,293.05840135555985,293.0796988408027,285.5003766666667,0.09228329498523571,285.39897,285.52273,285.57943,0.08005648635703168,6.565836863460733e-07,0.08005575318628436,0.080057020117848,0.08005668576696268,18.370833333333334,0.006884463184107494,18.37875,18.3675,18.36625,,,,,,14.506975874925653,0.03523414067349757,14.531175124866422,14.466552374942694,14.523200124967843
class,cicids2018_distrinet,ft_transformer-s42,prim_hybrid_p75_untargeted,Hybrid Search untargeted,untargeted,p75,Recon,800,0,0.012500000000000002,2.1245936804851847e-18,0.0125,0.0125,0.0125,0.0,0.0,0.0,0.0,0.0,1.25,0.0,1.25,1.25,1.25,0.94125,0.0,0.94125,0.94125,0.94125,29.2675,0.0,29.2675,29.2675,29.2675,727.3935132634292,3.7358007038072425,731.4277938359903,726.6991133503734,724.0536326039239,727.3142233333334,3.7367932178733625,731.3503533333334,726.61747,723.9748466666667,0.010183922691361633,8.410895248885268e-05,0.010197075457815135,0.010260680391436594,0.010094012224833169,1.6995833333333332,0.0007216878364870169,1.69875,1.7,1.7,,,,,,3.7959532500826754,0.01766203810902076,3.809808125079144,3.776065125130117,3.8019865000387654
class,cicids2018_distrinet,ft_transformer-s42,prim_hybrid_p75_untargeted,Hybrid Search untargeted,untargeted,p75,BruteForce,800,0,0.0,0.0,0.0,0.0,0.0,0.0,0.0,0.0,0.0,0.0,0.0,0.0,0.0,0.0,0.0,0.00125,0.0,0.00125,0.00125,0.00125,255.47,0.0,255.47,255.47,255.47,3.991501379361306,0.0028356241664748054,3.9884840687147958,3.9919088345391107,3.9941112348300107,3.190246666666667,0.0030753987997945665,3.1868533333333335,3.1928500000000004,3.1910366666666663,0.0035920719145003123,1.854953317000285e-06,0.0035920224165888128,0.003593951121402692,0.0035902422055094324,19.969166666666666,0.019094065395648247,19.965,19.9525,19.99,,,,,,17.208565958426334,0.03889214727883411,17.215609500126448,17.166633375163656,17.2434549999889
