dataset,victim,budget,seed,n,ref_raw_asr,ref_valid_asr,p2_reduced_raw_asr,p2_full_raw_asr,p2_full_valid_asr,reduced_to_full_raw_loss_pp,reduced_to_full_valid_loss_pp,valid_delta_vs_ref_pp,apparent_successes,apparent_surviving_valid,apparent_invalidated,apparent_invalidated_pct,apparent_lost_by_prediction,apparent_lost_by_validator,full_hit_not_apparent,prediction_changed,prediction_changed_pct,prediction_changed_among_apparent,prediction_changed_among_apparent_pct,rows_moved,reduced_validator_pass_rate_moved,full_validator_pass_rate,ref_validator_pass_rate,p2_median_cost_valid,ref_median_cost_valid,both_valid,p2_only_valid,ref_only_valid,neither_valid,p2_evals_mean,p2_evals_max,ref_evals_mean,ref_evals_max
cicids2017_distrinet,mlp,p75,42,3200,0.0409375,0.0409375,0.0415625,0.0303125,0.0303125,1.1250000000000002,1.1250000000000002,-1.0625000000000002,133,91,42,31.57894736842105,42,0,6,48,1.5,42,31.57894736842105,2357,0.6919813322019517,1.0,1.0,0.5710688829421997,0.6293227672576904,97,0,34,3069,188.500625,255,188.500625,255
cicids2017_distrinet,mlp,p75,2024,3200,0.0409375,0.0409375,0.0415625,0.031875,0.031875,0.9687500000000002,0.9687500000000002,-0.9062500000000001,133,96,37,27.81954887218045,37,0,6,43,1.34375,37,27.81954887218045,2357,0.6924056003394146,1.0,1.0,0.599999874830246,0.603171169757843,102,0,29,3069,188.500625,255,188.500625,255
cicids2017_distrinet,mlp,p75,2026,3200,0.0409375,0.0409375,0.0415625,0.0303125,0.0303125,1.1250000000000002,1.1250000000000002,-1.0625000000000002,133,91,42,31.57894736842105,42,0,6,48,1.5,42,31.57894736842105,2357,0.6919813322019517,1.0,1.0,0.6000001430511475,0.6715850234031677,97,0,34,3069,188.500625,255,188.500625,255
cicids2017_distrinet,mlp,unb,42,3200,0.229375,0.229375,0.2890625,0.1490625,0.1490625,14.000000000000002,14.000000000000002,-8.03125,925,476,449,48.54054054054054,449,0,1,451,14.09375,449,48.54054054054054,2363,0.22894625476089717,1.0,1.0,0.2745518982410431,0.30000001192092896,477,0,257,2466,188.505625,255,188.505625,255
cicids2017_distrinet,mlp,unb,2024,3200,0.229375,0.229375,0.2890625,0.1490625,0.1490625,14.000000000000002,14.000000000000002,-8.03125,925,476,449,48.54054054054054,449,0,1,451,14.09375,449,48.54054054054054,2363,0.2264071096064325,1.0,1.0,0.2745012044906616,0.30000001192092896,477,0,257,2466,188.505625,255,188.505625,255
cicids2017_distrinet,mlp,unb,2026,3200,0.229375,0.229375,0.2890625,0.14875,0.14875,14.03125,14.03125,-8.0625,925,475,450,48.648648648648646,450,0,1,452,14.124999999999998,450,48.648648648648646,2363,0.2280998730427423,1.0,1.0,0.2568172216415405,0.30000001192092896,476,0,258,2466,188.505625,255,188.505625,255
cicids2017_distrinet,cnn,p75,42,3200,0.1325,0.1325,0.1340625,0.121875,0.121875,1.2187500000000004,1.2187500000000004,-1.0625000000000009,429,378,51,11.888111888111888,51,0,12,66,2.0625,51,11.888111888111888,2362,0.7235393734123624,1.0,1.0,0.550972044467926,0.5796788930892944,390,0,34,2776,188.500625,255,188.500625,255
cicids2017_distrinet,cnn,p75,2024,3200,0.1325,0.1325,0.1340625,0.12125,0.12125,1.2812500000000004,1.2812500000000004,-1.1250000000000009,429,376,53,12.354312354312354,53,0,12,68,2.125,53,12.354312354312354,2361,0.7242693773824651,1.0,1.0,0.5779875814914703,0.5999999940395355,388,0,36,2776,188.500625,255,188.500625,255
cicids2017_distrinet,cnn,p75,2026,3200,0.1325,0.1325,0.1340625,0.1190625,0.1190625,1.5,1.5,-1.3437500000000004,429,369,60,13.986013986013987,60,0,12,75,2.34375,60,13.986013986013987,2361,0.7238458280389666,1.0,1.0,0.5764530897140503,0.6077403426170349,381,0,43,2776,188.500625,255,188.500625,255
cicids2017_distrinet,cnn,unb,42,3200,0.596875,0.596875,0.608125,0.538125,0.538125,7.000000000000006,7.000000000000006,-5.875000000000008,1946,1690,256,13.1551901336074,256,0,32,288,9.0,256,13.1551901336074,2363,0.22894625476089717,1.0,1.0,0.528945803642273,0.3800669312477112,1722,0,188,1290,188.505625,255,188.505625,255
cicids2017_distrinet,cnn,unb,2024,3200,0.596875,0.596875,0.608125,0.54,0.54,6.812499999999999,6.812499999999999,-5.687500000000001,1946,1696,250,12.846865364850977,250,0,32,282,8.8125,250,12.846865364850977,2363,0.2302158273381295,1.0,1.0,0.5373923182487488,0.38264529407024384,1728,0,182,1290,188.505625,255,188.505625,255
cicids2017_distrinet,cnn,unb,2026,3200,0.596875,0.596875,0.608125,0.534375,0.534375,7.374999999999998,7.374999999999998,-6.25,1946,1678,268,13.771839671120247,268,0,32,300,9.375,268,13.771839671120247,2363,0.23614049936521372,1.0,1.0,0.5455060005187988,0.3931661397218704,1710,0,200,1290,188.505625,255,188.505625,255
cicids2017_distrinet,ft_transformer,p75,42,3200,0.00125,0.00125,0.00125,0.00125,0.00125,0.0,0.0,0.0,4,4,0,0.0,0,0,0,0,0.0,0,0.0,2360,0.6983050847457627,1.0,1.0,0.32257869094610214,0.2726019248366356,4,0,0,3196,188.58,255,188.58,255
cicids2017_distrinet,ft_transformer,p75,2024,3200,0.00125,0.00125,0.00125,0.00125,0.00125,0.0,0.0,0.0,4,4,0,0.0,0,0,0,0,0.0,0,0.0,2361,0.6984328674290555,1.0,1.0,0.2984187602996826,0.2984187602996826,4,0,0,3196,188.58,255,188.58,255
cicids2017_distrinet,ft_transformer,p75,2026,3200,0.00125,0.00125,0.00125,0.00125,0.00125,0.0,0.0,0.0,4,4,0,0.0,0,0,0,0,0.0,0,0.0,2360,0.6983050847457627,1.0,1.0,0.2850242853164673,0.2850242853164673,4,0,0,3196,188.58,255,188.58,255
cicids2017_distrinet,ft_transformer,unb,42,3200,0.005625,0.005625,0.0040625,0.004375,0.004375,-0.03125000000000003,-0.03125000000000003,-0.12499999999999994,13,8,5,38.46153846153846,5,0,6,11,0.34375,5,38.46153846153846,2363,0.17774016081252644,1.0,1.0,0.405027873814106,0.04749422334134579,14,0,4,3182,188.585,255,188.585,255
cicids2017_distrinet,ft_transformer,unb,2024,3200,0.0053125,0.0053125,0.0040625,0.004375,0.004375,-0.03125000000000003,-0.03125000000000003,-0.09375,13,8,5,38.46153846153846,5,0,6,11,0.34375,5,38.46153846153846,2363,0.17689377909437157,1.0,1.0,0.4493883028626442,0.05000000819563866,14,0,3,3183,188.585,255,188.585,255
cicids2017_distrinet,ft_transformer,unb,2026,3200,0.005625,0.005625,0.0040625,0.0046875,0.0046875,-0.06249999999999997,-0.06249999999999997,-0.09375,13,9,4,30.76923076923077,4,0,6,10,0.3125,4,30.76923076923077,2363,0.17689377909437157,1.0,1.0,0.20000000298023224,0.05000000447034836,15,0,3,3182,188.585,255,188.585,255
cicids2018_distrinet,mlp-s42,p75,42,3200,0.0078125,0.0078125,0.006875,0.006875,0.006875,0.0,0.0,-0.09375,22,18,4,18.181818181818183,4,0,4,53,1.65625,4,18.181818181818183,1404,0.7841880341880342,1.0,1.0,0.5049360245466232,0.47616487741470337,22,0,3,3175,190.788125,255,190.788125,255
cicids2018_distrinet,mlp-s42,p75,2024,3200,0.0078125,0.0078125,0.006875,0.006875,0.006875,0.0,0.0,-0.09375,22,18,4,18.181818181818183,4,0,4,54,1.6875,4,18.181818181818183,1404,0.7841880341880342,1.0,1.0,0.5802617073059082,0.5000000596046448,22,0,3,3175,190.788125,255,190.788125,255
cicids2018_distrinet,mlp-s42,p75,2026,3200,0.0078125,0.0078125,0.006875,0.006875,0.006875,0.0,0.0,-0.09375,22,18,4,18.181818181818183,4,0,4,52,1.625,4,18.181818181818183,1401,0.7858672376873662,1.0,0.999375,0.46599870920181274,0.44977760314941406,22,0,3,3175,190.788125,255,190.788125,255
cicids2018_distrinet,mlp-s42,unb,42,3200,0.2478125,0.2478125,0.01625,0.240625,0.240625,-22.4375,-22.4375,-0.7187499999999986,52,28,24,46.15384615384615,24,0,742,1381,43.15625,24,46.15384615384615,1701,0.08289241622574955,1.0,0.9996875,1.0,0.6000000238418579,770,0,23,2407,190.788125,255,190.788125,255
cicids2018_distrinet,mlp-s42,unb,2024,3200,0.248125,0.248125,0.0159375,0.24,0.24,-22.40625,-22.40625,-0.8125000000000021,51,27,24,47.05882352941177,24,0,741,1381,43.15625,24,47.05882352941177,1704,0.08157276995305164,1.0,0.9996875,1.0,0.6000000238418579,768,0,26,2406,190.788125,255,190.788125,255
cicids2018_distrinet,mlp-s42,unb,2026,3200,0.248125,0.248125,0.01625,0.24,0.24,-22.375,-22.375,-0.8125000000000021,52,24,28,53.84615384615385,28,0,744,1387,43.34375,28,53.84615384615385,1702,0.08401880141010576,1.0,0.9990625,1.0,0.6000000238418579,768,0,26,2406,190.788125,255,190.788125,255
cicids2018_distrinet,cnn-s42,p75,42,3200,0.0,0.0,0.0,0.0,0.0,0.0,0.0,0.0,0,0,0,0.0,0,0,0,35,1.09375,0,0.0,1768,0.5938914027149321,1.0,0.999375,,,0,0,0,3200,190.70875,255,190.70875,255
cicids2018_distrinet,cnn-s42,p75,2024,3200,0.0,0.0,0.0,0.0,0.0,0.0,0.0,0.0,0,0,0,0.0,0,0,0,32,1.0,0,0.0,1766,0.594563986409966,1.0,0.999375,,,0,0,0,3200,190.70875,255,190.70875,255
cicids2018_distrinet,cnn-s42,p75,2026,3200,0.0,0.0,0.0,0.0,0.0,0.0,0.0,0.0,0,0,0,0.0,0,0,0,40,1.25,0,0.0,1770,0.596045197740113,1.0,0.9990625,,,0,0,0,3200,190.70875,255,190.70875,255
cicids2018_distrinet,cnn-s42,unb,42,3200,0.2609375,0.2609375,0.2003125,0.2565625,0.2565625,-5.625000000000002,-5.625000000000002,-0.4374999999999962,641,627,14,2.1840873634945397,14,0,194,617,19.28125,14,2.1840873634945397,1776,0.12331081081081081,1.0,0.999375,0.8000000715255737,0.15759271383285522,821,0,14,2365,190.70875,255,190.70875,255
cicids2018_distrinet,cnn-s42,unb,2024,3200,0.2609375,0.2609375,0.2003125,0.25625,0.25625,-5.593749999999997,-5.593749999999997,-0.4687500000000011,641,626,15,2.3400936037441498,15,0,194,621,19.40625,15,2.3400936037441498,1775,0.12450704225352113,1.0,0.999375,0.8000000715255737,0.16848522424697876,820,0,15,2365,190.70875,255,190.70875,255
cicids2018_distrinet,cnn-s42,unb,2026,3200,0.2609375,0.2609375,0.2003125,0.25625,0.25625,-5.593749999999997,-5.593749999999997,-0.4687500000000011,641,626,15,2.3400936037441498,15,0,194,617,19.28125,15,2.3400936037441498,1782,0.12401795735129069,1.0,0.9990625,0.8000000715255737,0.1629227250814438,820,0,15,2365,190.70875,255,190.70875,255
cicids2018_distrinet,ft_transformer-s42,p75,42,3200,0.0,0.0,0.0,0.0,0.0,0.0,0.0,0.0,0,0,0,0.0,0,0,0,0,0.0,0,0.0,1758,0.6905574516496018,0.999375,0.999375,,,0,0,0,3200,190.788125,255,190.788125,255
cicids2018_distrinet,ft_transformer-s42,p75,2024,3200,0.0,0.0,0.0,0.0,0.0,0.0,0.0,0.0,0,0,0,0.0,0,0,0,0,0.0,0,0.0,1750,0.6897142857142857,0.9996875,0.999375,,,0,0,0,3200,190.788125,255,190.788125,255
cicids2018_distrinet,ft_transformer-s42,p75,2026,3200,0.0,0.0,0.0,0.0,0.0,0.0,0.0,0.0,0,0,0,0.0,0,0,0,0,0.0,0,0.0,1753,0.6902452937820879,0.999375,0.999375,,,0,0,0,3200,190.788125,255,190.788125,255
cicids2018_distrinet,ft_transformer-s42,unb,42,3200,0.00125,0.00125,0.0,0.00125,0.00125,-0.125,-0.125,0.0,0,0,0,0.0,0,0,4,4,0.125,0,0.0,2211,0.22795115332428764,0.999375,0.999375,1.0,0.10000000149011612,4,0,0,3196,190.788125,255,190.788125,255
cicids2018_distrinet,ft_transformer-s42,unb,2024,3200,0.00125,0.00125,0.0,0.00125,0.00125,-0.125,-0.125,0.0,0,0,0,0.0,0,0,4,4,0.125,0,0.0,2217,0.2336490753270185,0.9996875,0.999375,1.0,0.10000000149011612,4,0,0,3196,190.788125,255,190.788125,255
cicids2018_distrinet,ft_transformer-s42,unb,2026,3200,0.00125,0.00125,0.0,0.00125,0.00125,-0.125,-0.125,0.0,0,0,0,0.0,0,0,4,4,0.125,0,0.0,2210,0.23076923076923078,0.999375,0.999375,1.0,0.10000000149011612,4,0,0,3196,190.788125,255,190.788125,255
