dataset,victim,budget,p2_reduced_raw_asr_mean,p2_reduced_raw_asr_sd,p2_full_raw_asr_mean,p2_full_raw_asr_sd,p2_full_valid_asr_mean,p2_full_valid_asr_sd,reduced_to_full_valid_loss_pp_mean,reduced_to_full_valid_loss_pp_sd,apparent_invalidated_pct_mean,apparent_invalidated_pct_sd,prediction_changed_among_apparent_pct_mean,prediction_changed_among_apparent_pct_sd,apparent_successes_total,apparent_invalidated_total,apparent_lost_by_prediction_total,apparent_lost_by_validator_total,prediction_changed_total,prediction_changed_among_apparent_total,full_hit_not_apparent_total
cicids2017_distrinet,mlp,p75,0.0415625,0.0,0.030833333333333334,0.0009021097956087911,0.030833333333333334,0.0009021097956087911,1.072916666666667,0.09021097956087902,30.325814536340854,2.1704897337955846,30.325814536340854,2.1704897337955846,399,121,121,0,139,121,18
cicids2017_distrinet,mlp,unb,0.2890625,0.0,0.14895833333333333,0.0001804219591217542,0.14895833333333333,0.0001804219591217542,14.010416666666666,0.01804219591217478,48.57657657657658,0.062416245317795715,48.57657657657658,0.062416245317795715,2775,1348,1348,0,1354,1348,3
cicids2017_distrinet,cnn,p75,0.1340625,0.0,0.12072916666666667,0.0014768173832039376,0.12072916666666667,0.0014768173832039376,1.3333333333333337,0.14768173832039377,12.742812742812744,1.1015887240682074,12.742812742812744,1.1015887240682074,1287,164,164,0,209,164,36
cicids2017_distrinet,cnn,unb,0.608125,0.0,0.5375,0.0028641098093473874,0.5375,0.0028641098093473874,7.062500000000001,0.28641098093473877,13.257965056526208,0.47097386381868855,13.257965056526208,0.47097386381868855,5838,774,774,0,870,774,96
cicids2017_distrinet,ft_transformer,p75,0.00125,0.0,0.00125,0.0,0.00125,0.0,0.0,0.0,0.0,0.0,0.0,0.0,12,0,0,0,0,0,0
cicids2017_distrinet,ft_transformer,unb,0.0040625,0.0,0.004479166666666667,0.0001804219591217577,0.004479166666666667,0.0001804219591217577,-0.04166666666666668,0.018042195912175773,35.8974358974359,4.4411559168432735,35.8974358974359,4.4411559168432735,39,14,14,0,32,14,18
cicids2018_distrinet,mlp-s42,p75,0.006875,0.0,0.006875,0.0,0.006875,0.0,0.0,0.0,18.181818181818183,0.0,18.181818181818183,0.0,66,12,12,0,159,12,12
cicids2018_distrinet,mlp-s42,unb,0.016145833333333335,0.0001804219591217582,0.24020833333333333,0.0003608439182435244,0.24020833333333333,0.0003608439182435244,-22.40625,0.03125,49.01960784313726,4.204331784243244,49.01960784313726,4.204331784243244,155,76,76,0,4149,76,2227
cicids2018_distrinet,cnn-s42,p75,0.0,0.0,0.0,0.0,0.0,0.0,0.0,0.0,0.0,0.0,0.0,0.0,0,0,0,0,107,0,0
cicids2018_distrinet,cnn-s42,unb,0.2003125,0.0,0.25635416666666666,0.00018042195912178625,0.25635416666666666,0.00018042195912178625,-5.604166666666665,0.018042195912178368,2.2880915236609467,0.0900702448033738,2.2880915236609467,0.0900702448033738,1923,44,44,0,1855,44,582
cicids2018_distrinet,ft_transformer-s42,p75,0.0,0.0,0.0,0.0,0.0,0.0,0.0,0.0,0.0,0.0,0.0,0.0,0,0,0,0,0,0,0
cicids2018_distrinet,ft_transformer-s42,unb,0.0,0.0,0.00125,0.0,0.00125,0.0,-0.125,0.0,0.0,0.0,0.0,0.0,0,0,0,0,12,0,12
