dataset,victim,budget,seed,moved_rows,reduced_v2_accept,reduced_identity_fail,reduced_timing_order_fail,reduced_levelB_fail,v2_accepted_identity_fail,v2_accepted_timing_order_fail,full_phi_levelB_fail,full_phi_v2_reject
cicids2017_distrinet,mlp,p75,42,2357,1631,2357,2356,2357,1631,1631,0,0
cicids2017_distrinet,mlp,p75,2024,2357,1632,2357,2356,2357,1632,1632,0,0
cicids2017_distrinet,mlp,p75,2026,2357,1631,2357,2356,2357,1631,1631,0,0
cicids2017_distrinet,mlp,unb,42,2363,541,2363,2362,2363,541,541,0,0
cicids2017_distrinet,mlp,unb,2024,2363,535,2363,2362,2363,535,535,0,0
cicids2017_distrinet,mlp,unb,2026,2363,539,2363,2362,2363,539,539,0,0
cicids2017_distrinet,cnn,p75,42,2362,1709,2361,2360,2361,1708,1708,0,0
cicids2017_distrinet,cnn,p75,2024,2361,1710,2361,2360,2361,1710,1710,0,0
cicids2017_distrinet,cnn,p75,2026,2361,1709,2360,2359,2360,1708,1708,0,0
cicids2017_distrinet,cnn,unb,42,2363,541,2363,2362,2363,541,541,0,0
cicids2017_distrinet,cnn,unb,2024,2363,544,2363,2362,2363,544,544,0,0
cicids2017_distrinet,cnn,unb,2026,2363,558,2363,2362,2363,558,558,0,0
cicids2017_distrinet,ft_transformer,p75,42,2360,1648,2360,2358,2360,1648,1647,0,0
cicids2017_distrinet,ft_transformer,p75,2024,2361,1649,2359,2358,2359,1647,1647,0,0
cicids2017_distrinet,ft_transformer,p75,2026,2360,1648,2359,2358,2359,1647,1647,0,0
cicids2017_distrinet,ft_transformer,unb,42,2363,420,2363,2362,2363,420,420,0,0
cicids2017_distrinet,ft_transformer,unb,2024,2363,418,2363,2362,2363,418,418,0,0
cicids2017_distrinet,ft_transformer,unb,2026,2363,418,2363,2362,2363,418,418,0,0
cicids2018_distrinet,mlp-s42,p75,42,1404,1101,1400,1384,1400,1097,1089,0,0
cicids2018_distrinet,mlp-s42,p75,2024,1404,1101,1401,1386,1402,1098,1091,0,0
cicids2018_distrinet,mlp-s42,p75,2026,1401,1101,1396,1382,1397,1096,1090,0,0
cicids2018_distrinet,mlp-s42,unb,42,1701,141,1700,1688,1700,140,136,0,0
cicids2018_distrinet,mlp-s42,unb,2024,1704,139,1704,1692,1704,139,135,0,0
cicids2018_distrinet,mlp-s42,unb,2026,1702,143,1702,1690,1702,143,139,0,0
cicids2018_distrinet,cnn-s42,p75,42,1768,1050,1767,1754,1767,1049,1044,0,0
cicids2018_distrinet,cnn-s42,p75,2024,1766,1050,1765,1753,1765,1049,1045,0,0
cicids2018_distrinet,cnn-s42,p75,2026,1770,1055,1769,1757,1769,1054,1050,0,0
cicids2018_distrinet,cnn-s42,unb,42,1776,219,1776,1765,1776,219,216,0,0
cicids2018_distrinet,cnn-s42,unb,2024,1775,221,1775,1765,1775,221,219,0,0
cicids2018_distrinet,cnn-s42,unb,2026,1782,221,1782,1772,1782,221,219,0,0
cicids2018_distrinet,ft_transformer-s42,p75,42,1758,1214,1754,1755,1755,1210,1211,0,2
cicids2018_distrinet,ft_transformer-s42,p75,2024,1750,1207,1749,1749,1749,1206,1206,0,1
cicids2018_distrinet,ft_transformer-s42,p75,2026,1753,1210,1751,1752,1753,1208,1209,0,2
cicids2018_distrinet,ft_transformer-s42,unb,42,2211,504,2211,2211,2211,504,504,0,2
cicids2018_distrinet,ft_transformer-s42,unb,2024,2217,518,2217,2217,2217,518,518,0,1
cicids2018_distrinet,ft_transformer-s42,unb,2026,2210,510,2210,2210,2210,510,510,0,2
